330000K5980N,K599,BTC,GZQ
2400000G7109,G71,BXP,IOQ
2400000G7908,G79,BXP,IOQ
2400000G6505,G65,BXP,IZQ
2400000Z3500,Z35,BXP,GZQ
2400000G6708,G67,BXP,IZQ
2400000Z9700,Z97,BXP,GGQ
2400000G6902,G69,BXP,IZQ
1200000Z1200,Z13,SBT,GGQ
240000Z20102,Z201,BXP,SEQ
240000D9010A,D901,BXP,IOQ
240000D90305,D903,BXP,IOQ
240000D90900,D909,BXP,IOQ
240000D92703,D927,BXP,IOQ
240000D92103,D921,BXP,IZQ
240000D92305,D923,BXP,IZQ
240000K8190B,K819,BXP,CUW
240000G30702,G307,BXP,ICW
240000G30902,G309,BXP,CUW
240000K5890L,K589,BXP,CUW
2400000Z4903,Z49,BXP,CDW
24000000T90N,T9,BXP,CUW
240000K6190H,K619,BXP,CUW
240000G10108,G101,VNP,AOH
240000G1030D,G103,VNP,AOH
240000G1050C,G105,VNP,AOH
2400000G110D,G11,VNP,AOH
240000G1070B,G107,VNP,AOH
240000G1090P,G109,VNP,AOH
240000G1110N,G111,VNP,AOH
24000000G109,G1,VNP,AOH
240000G11309,G113,VNP,AOH
2400000G4110,G41,VNP,HGH
240000G1150N,G115,VNP,AOH
240000G1170G,G117,VNP,AOH
2400000G1306,G13,VNP,AOH
240000G11909,G119,VNP,AOH
240000G1210B,G121,VNP,AOH
2400000G150C,G15,VNP,AOH
240000G1230F,G123,VNP,AOH
240000G1250T,G125,VNP,AOH
240000G41100,G411,VNP,AOH
240000G1270N,G127,VNP,AOH
24000014610Y,1461,BJP,SHH
240000G1290I,G129,VNP,AOH
240000G1310B,G131,VNP,AOH
240000G13309,G133,VNP,AOH
240000G13507,G135,VNP,AOH
240000G1370B,G137,VNP,AOH
24000000G306,G3,VNP,AOH
2400000G4303,G43,VNP,HGH
240000G1390I,G139,VNP,AOH
240000G14108,G141,VNP,AOH
2400000G1707,G17,VNP,AOH
240000G1430E,G143,VNP,AOH
240000G1450E,G145,VNP,AOH
2400000G1908,G19,VNP,AOH
240000G14707,G147,VNP,AOH
240000G1490A,G149,VNP,AOH
240000G1510J,G151,VNP,AOH
2400000G2107,G21,VNP,AOH
240000G15308,G153,VNP,AOH
240000G1550U,G155,VNP,AOH
240000G1570C,G157,VNP,AOH
240000G1590Q,G159,VNP,AOH
240000T1090J,T109,BJP,SHH
240000D31104,D311,VNP,SHH
240000D3210A,D321,VNP,SHH
26000K77260U,K7727,HDP,QTP
280000260400,2601,DTV,QTP
24000C200109,C2001,VNP,TJP
24000C20030C,C2003,VNP,TJP
24000C22010A,C2201,VNP,TJP
24000C20050A,C2005,VNP,TJP
24000C200708,C2007,VNP,TJP
24000C22030A,C2203,VNP,TJP
240000G47101,G471,VNP,YAK
24000G678300,G6783,VNP,FHP
2400000G5706,G57,VNP,NGH
24000C200907,C2009,VNP,TJP
24000C20110B,C2011,VNP,TJP
240000G38302,G383,VNP,JLL
24000C20130C,C2013,VNP,TJP
240000G38104,G381,VNP,VAB
24000C20150C,C2015,VNP,TJP
24000D679303,D6793,VNP,TSP
24000C20170C,C2017,VNP,TJP
24000C201909,C2019,VNP,TJP
240000G38703,G387,VNP,DFT
24000C22050D,C2205,VNP,TJP
24000C20210D,C2021,VNP,TJP
24000C20230E,C2023,VNP,TJP
24000C202509,C2025,VNP,TJP
24000C20270E,C2027,VNP,TJP
24000C20290D,C2029,VNP,TJP
24000C22070A,C2207,VNP,TJP
620000Z20800,Z205,CSQ,TJP
33000011340A,1135,WXC,TJP
24000C20310C,C2031,VNP,TJP
24000C20330N,C2033,VNP,TJP
24000C22090J,C2209,VNP,TJP
24000K13010D,K1301,BJP,MLX
24000G678500,G6785,VNP,FHP
24000C20350C,C2035,VNP,TJP
24000C20370D,C2037,VNP,TJP
24000C20390B,C2039,VNP,TJP
4100000T5607,T57,BJY,TJP
24000C22110A,C2211,VNP,TJP
26000T56820K,T5683,SJP,QTP
2400000K450X,K45,BJP,FZS
24000C20410D,C2041,VNP,TJP
2400000G3307,G33,VNP,NXG
24000C221309,C2213,VNP,TJP
24000C20430G,C2043,VNP,TJP
24000C20450B,C2045,VNP,TJP
24000C221509,C2215,VNP,TJP
24000C20470B,C2047,VNP,TJP
24000C22170A,C2217,VNP,TJP
24000C20490C,C2049,VNP,TJP
24000C20510C,C2051,VNP,TJP
24000025890Y,2589,BJP,BCT
24000G678720,G6787,VNP,FHP
24000C20530F,C2053,VNP,TJP
24000C20550A,C2055,VNP,TJP
240000K2150C,K215,BJP,TML
24000C20570B,C2057,VNP,TJP
24000C22190F,C2219,VNP,TJP
24000C222109,C2221,VNP,TJP
2400000T3906,T39,BJP,QHX
24000C205909,C2059,VNP,TJP
240000442902,4429,BJP,QTP
24000C222307,C2223,VNP,TJP
240000Y51802,Y515,ZMP,VVP
880000K88600,K887,XNO,TJP
24000C20610A,C2061,VNP,TJP
24000C222507,C2225,VNP,TJP
24000C20630A,C2063,VNP,TJP
240000G19306,G193,VNP,QDK
24000C22270D,C2227,VNP,TJP
24000C20650B,C2065,VNP,TJP
24000C20670A,C2067,VNP,TJP
24000C20690B,C2069,VNP,TJP
240000G47501,G475,VNP,RCK
24000C207109,C2071,VNP,TJP
24000C222908,C2229,VNP,TJP
24000G678910,G6789,VNP,FHP
24000D679502,D6795,VNP,TSP
24000C223109,C2231,VNP,TJP
24000K102303,K1023,BJP,TML
24000C207308,C2073,VNP,TJP
240000K2850S,K285,BJP,YAK
24000C20750B,C2075,VNP,TJP
24000C20770A,C2077,VNP,TJP
24000C22330E,C2233,VNP,TJP
2400000T310O,T31,BJP,HZH
24000C20790B,C2079,VNP,TJP
24000C20810C,C2081,VNP,TJP
2400000K270K,K27,BJP,DUT
24000C223504,C2235,VNP,TJP
24000C208309,C2083,VNP,TJP
24000C20850A,C2085,VNP,TJP
24000C208709,C2087,VNP,TJP
24000C20890F,C2089,VNP,TJP
24000C223705,C2237,VNP,TJP
240000G48101,G481,VNP,JGK
240000Z13902,Z139,BJP,NUH
24000C20910H,C2091,VNP,TJP
24000C20930C,C2093,VNP,TJP
24000G679100,G6791,VNP,FHP
24000C209504,C2095,VNP,TJP
24000C22390F,C2239,VNP,TJP
24000C20970K,C2097,VNP,TJP
24000C22410H,C2241,VNP,TJP
240000T21504,T215,BJP,UTH
24000C209903,C2099,VNP,TJP
2400000T630N,T63,BJP,HFH
24000C21010R,C2101,VNP,TJP
24000C21030T,C2103,VNP,TJP
2400000Z7907,Z79,BJP,DLT
24000C22430E,C2243,VNP,TJP
24000C26110I,C2611,VNP,TXP
24000C21050M,C2105,VNP,TJP
24000C21070L,C2107,VNP,TJP
24000C224505,C2245,VNP,TJP
24000C21090P,C2109,VNP,TJP
24000C21110O,C2111,VNP,TJP
24000C261505,C2615,VNP,TXP
24000C211306,C2113,VNP,TJP
24000C211506,C2115,VNP,TJP
2400000K3926,K39,BJP,HRX
2400000K510X,K51,BJP,RZK
24000C26130A,C2613,VNP,TXP
240000K10116,K101,BJP,RZH
24000K770604,K7703,CDP,VVP
5f0000Z15700,Z157,UTH,HBB
2400000D290H,D29,BJP,VAB
2400000D210Q,D21,BJP,CCT
2400000D250R,D25,BJP,VAB
240000K33918,K339,BJP,JMB
240000T29707,T297,BJP,MDB
240000D1010I,D101,BJP,VAB
240000K26500,K265,BJP,JMB
2400000D190H,D19,BJP,CCT
2400000D730A,D73,BJP,JLL
2400000D270N,D27,BJP,VAB
2400000D230M,D23,BJP,CCT
240000Z11700,Z117,BJP,JLL
87000K108300,K1083,YIJ,HBB
2400000Z6300,Z63,BJP,CCT
2400000Z610E,Z61,BJP,CCT
240000K8170E,K817,BXP,CDW
240000K1170V,K117,BXP,PRW
24000000T70S,T7,BXP,CDW
24000K13630C,K1363,BXP,CDW
240000G50108,G501,BXP,CWQ
240000G5290B,G529,BXP,NFZ
2400000K210T,K21,BXP,GBZ
240000K9670H,K967,BJP,DIQ
240000Z14901,Z149,BXP,GIW
2400000Z530E,Z53,BXP,KMM
2400000G8308,G83,BXP,CWQ
240000G42102,G421,BXP,NFZ
240000G48702,G487,BXP,NXG
240000T14513,T145,BJP,NCG
240000G49102,G491,BXP,NXG
240000Z1610O,Z161,BXP,KMM
240000G50302,G503,BXP,CWQ
24000000T10K,T1,BJP,CSQ
240000G50502,G505,BXP,CWQ
24000000Z503,Z5,BXP,NNZ
2400000Z7708,Z77,BXP,GIW
240000Z28503,Z285,BXP,NNZ
240000K1570Z,K157,BXP,ZJZ
250000Z20600,Z207,TJP,CSQ
240000K4710Y,K471,BXP,KMM
240000T28906,T289,BXP,NNZ
2400000G5504,G55,VNP,FZS
240000G16502,G165,VNP,XKS
2400000Z590C,Z59,BXP,FZS
240000K47300,K473,BJP,KMM
240000K5070X,K507,BXP,GIW
2400000T470X,T47,BJP,QHX
24000000Z109,Z1,BJP,HBB
2400000Z1509,Z15,BJP,HBB
2400000T1700,T17,BJP,MDB
240000G26110,G261,VNP,UAH
240000G2630A,G263,VNP,HFH
240000G26507,G265,VNP,HFH
24000K10710G,K1071,BXP,AQH
24000K11090C,K1109,BXP,HKH
2400000G2908,G29,VNP,HFH
240000G26709,G267,VNP,HFH
240000G2690B,G269,VNP,HFH
240000G2710E,G271,VNP,HFH
240000Z22500,Z225,BJP,HFH
260000K22002,K217,HDP,BTC
1300000K5500,K55,DLT,BTC
16000014580M,1455,TLD,HHC
240000K61705,K617,BXP,NDC
2400000K431C,K43,BJP,LZJ
24000K117708,K1177,BJP,YIJ
240000T1770L,T177,BJP,WMR
240000Z31500,Z315,BXP,HHC
24000K159505,K1595,VAP,WXC
240000K2630N,K263,BJP,BTC
240000K5730F,K573,BXP,DYC
630000K6000B,K597,GZQ,BTC
2400000K890G,K89,BXP,HHC
240000Z31701,Z317,BJP,BTC
25000011360E,1133,TJP,WXC
250000K88810,K885,TJP,XNO
050000K27600,K273,MLX,HHC
2400000G3108,G31,VNP,HGH
240000G16702,G167,VNP,VRH
2400000G5901,G59,VNP,NGH
2400000G3508,G35,VNP,HGH
2400000G4500,G45,VNP,JUH
2400000G370B,G37,VNP,HGH
2400000G3903,G39,VNP,HGH
24000000Z90G,Z9,BJP,HZH
240000G17700,G177,VNP,QDK
240000G17910,G179,VNP,QDK
240000G18107,G181,VNP,QDK
240000G18307,G183,VNP,QDK
240000G18506,G185,VNP,QDK
240000G18707,G187,VNP,QDK
240000G18908,G189,VNP,QDK
240000G19107,G191,VNP,QDK
240000G1950C,G195,VNP,QDK
240000G19708,G197,VNP,QDK
240000G19901,G199,VNP,QDK
240000G20109,G201,VNP,NKH
240000G20308,G203,VNP,NKH
240000G20700,G207,VNP,UUH
240000G48300,G483,VNP,JGK
240000G2050B,G205,VNP,NKH
240000D40108,D401,VNP,JGK
240000K4110I,K411,BJP,WKK
2400000Z2103,Z21,BXP,LSO
240000T17506,T175,BXP,XNO
2400000Z550F,Z55,BXP,LZJ
240000Z15102,Z151,BXP,XNO
2400000Z7501,Z75,BXP,LZJ
240000K62904,K629,BXP,LZJ
24000K145307,K1453,BXP,GZG
240000T1670Q,T167,BXP,NCG
240000K5710L,K571,BXP,LYS
2400000Z7101,Z71,BJP,SHS
240000Z1330C,Z133,BXP,JGG
2400000Z650B,Z65,BXP,NCG
240000Z10702,Z107,BXP,SZQ
2400000Z670D,Z67,BXP,NCG
240000K10513,K105,BXP,SZQ
2400000T650H,T65,BJP,NJH
01000K108405,K1081,HBB,YIJ
24000K774406,K7741,CDP,SJP
330000K21802,K219,BTC,HDP
25000K77280W,K7725,QTP,HDP
240000G50705,G507,BXP,HKN
240000K2690I,K269,BXP,LYF
24000G673105,G6731,BXP,HPP
24000K116307,K1163,BXP,CBF
24000D20010F,D2001,BXP,ABV
240000G65306,G653,BXP,EAY
240000G67108,G671,BXP,BBY
2400000G9102,G91,BXP,TNV
240000G60503,G605,BXP,TNV
240000G55903,G559,BXP,ZAF
240000G57109,G571,BXP,OYN
240000G51110,G511,BXP,WHN
2400000Z6902,Z69,BXP,WMR
240000G65504,G655,BXP,EAY
240000K2790U,K279,BXP,SNN
24000G674107,G6741,BXP,HPP
240000G60706,G607,BXP,TNV
240000G60905,G609,BXP,AJV
24000G670107,G6701,BXP,SJP
240000G61107,G611,BXP,TNV
240000G61305,G613,BXP,TNV
240000G42901,G429,BXP,EGF
240000G65905,G659,BXP,EAY
24000K11150B,K1115,BXP,BTC
240000K1830Z,K183,BXP,NFF
24000G670304,G6703,BXP,SJP
240000K26716,K267,BJP,HHQ
24000D200307,D2003,BXP,ABV
2400000G8905,G89,BXP,ZAF
2400000T410J,T41,BXP,XAY
24000G673307,G6733,BXP,HPP
240000G67304,G673,BXP,BBY
240000G66106,G661,BXP,EAY
240000G61701,G617,BXP,TNV
2500000T5801,T55,TJP,BJY
240000G52104,G521,BXP,HKN
24000D200509,D2005,BXP,LXV
240000G66306,G663,BXP,EAY
240000G66509,G665,BXP,EAY
25000D660802,D6605,QTP,SJP
240000G5730D,G573,BXP,WHN
240000G58500,G585,BXP,WHN
24000G674305,G6743,BXP,HPP
25000T56840L,T5681,QTP,SJP
2400000T4905,T49,BXP,ESN
240000G6670F,G667,BXP,EAY
240000G61910,G619,BXP,TNV
25000K77160C,K7713,QTP,SJP
240000G5610B,G561,BXP,ZZF
24000K770700,K7707,BJP,SJP
240000G52503,G525,BXP,HKN
240000K2610U,K261,BXP,HOY
24000G671503,G6715,BXP,SJP
240000G56306,G563,BXP,ZAF
240000G66905,G669,BXP,EAY
24000000Z30B,Z3,BXP,HAN
240000G62102,G621,BXP,TNV
24000Z409510,Z4095,BXP,XFN
240000G62302,G623,BXP,TNV
240000G5270A,G527,BXP,WHN
240000Y51403,Y511,CDP,HDP
240000G56509,G565,BXP,ZAF
24000G670503,G6705,BXP,SJP
240000T2310N,T231,BXP,XAY
240000G62503,G625,BXP,TNV
240000G56705,G567,BXP,ZAF
24000G670708,G6707,BXP,SJP
240000K4010L,K401,BXP,ZKN
2400000Z4300,Z43,BXP,XAY
240000Z27703,Z277,BXP,YIJ
240000G62703,G627,BXP,TNV
25000D660400,D6601,QTP,SJP
24000G67350C,G6735,BXP,HPP
24000G674504,G6745,BXP,SJP
24000D672103,D6721,BXP,SJP
24000G67130C,G6713,BXP,SJP
24000G670908,G6709,BXP,SJP
240000K1790J,K179,BXP,ZZF
240000K60905,K609,BJP,HCY
3300000K5600,K57,BTC,DLT
270000K96200,K959,LFV,SYT
24000000D50G,D5,BJP,SBT
2400000D150P,D15,BJP,SYT
2400000D170B,D17,BJP,SBT
240000K4290I,K429,BJP,THL
24000022510N,2251,BJP,DUT
2400000D110I,D11,BJP,SBT
24000000D90A,D9,BJP,SBT
6500000Z1400,Z11,GGQ,SBT
2400000D510M,D51,BJP,SBT
24000000D70C,D7,BJP,SBT
24000000D10O,D1,BJP,SYT
24000000D30H,D3,BJP,SBT
2400000D130I,D13,BJP,SYT
2400000K530F,K53,BJP,SBT
2400000K9501,K95,BJP,FET
120000K96000,K961,SYT,LFV
240000K6030I,K603,BJP,YNV
240000K6010E,K601,BJP,TYV
240000G55502,G555,BXP,HAN
240000G5190I,G519,BXP,WHN
24000D203105,D2031,BXP,WHN
240000G52305,G523,BXP,WHN
2400000Z3707,Z37,BXP,WCN
2400000G8704,G87,BXP,EAY
2400000Z190G,Z19,BXP,XAY
24000014870M,1487,BXP,ZZF
240000G56905,G569,BXP,ZZF
24000013030I,1303,BXP,ZZF
240000254915,2549,BJP,AST
330000K27406,K275,HHC,MLX
240000K49709,K497,BJP,JGX
24000K11890D,K1189,BJP,WWT
24000064370F,6437,BXP,DFP
240000K14709,K147,BXP,FYH
26000K770403,K7705,VVP,CDP
24000K771108,K7711,BJP,CDP
24000044710B,4471,VAP,CDP
260000Y51203,Y513,HDP,CDP
24000K771705,K7717,BJP,CDP
24000021010C,2101,VAP,FXD
26000K77420A,K7742,SJP,CDP
24000026210B,2621,VAP,CFD
24000018010B,1801,VAP,QHX
24000K101505,K1015,VAP,TLD
33000014560H,1457,HHC,TLD
24000025590E,2559,VAP,CFD
2400000D4509,D45,BJP,DFT
2400000D410C,D41,BJP,DFT
2400000D330F,D33,BJP,DLT
2400000D3708,D37,BJP,DFT
240000K6810N,K681,BJP,DLT
25000026020B,2603,QTP,DTV
240000K6150C,K615,BJP,DTV
2400000Z510B,Z51,BJP,NUH
010000Z15800,Z155,HBB,UTH
240000646108,6461,BJP,HBP
24000L773908,L7739,BJP,QYP
24000020710I,2071,BJP,JIK
240000Y50103,Y501,BXP,HSP
24000015030P,1503,BJP,UKH
24000K190109,K1901,BJP,LVK
24000064510I,6451,BJP,YBP
24000K77510B,K7751,BJP,QTP
26000K77140B,K7715,SJP,QTP
2400000Z2908,Z29,BJP,YLH
240000Y50503,Y505,BJP,ZMP
24000044150D,4415,BJP,ZMP
260000Y51603,Y517,VVP,ZMP
240000Y5091A,Y509,BJP,QTP
26000D660600,D6607,SJP,QTP
24000T56870A,T5687,BJP,QTP
26000D660200,D6603,SJP,QTP
24000G900102,G9001,VNP,LJP
24000K778309,K7783,BOP,AJP
6i00000G7206,G72,IOQ,BXP
6b0000Z20200,Z202,SEQ,BXP
6c00000G6601,G66,IZQ,BXP
6c00000G6803,G68,IZQ,BXP
6i00000G8003,G80,IOQ,BXP
6c00000G7004,G70,IZQ,BXP
6300000Z3600,Z36,GZQ,BXP
6500000Z9800,Z98,JQO,BXP
6i0000D92801,D928,IOQ,BXP
6c0000D92203,D922,IZQ,BXP
6c0000D92404,D924,IZQ,BXP
6i0000D90205,D902,IOQ,BXP
6i0000D90404,D904,IOQ,BXP
6i0000D91000,D910,IOQ,BXP
6c0000G31200,G312,IZQ,ICW
630000K35608,K356,GZQ,CUW
690000K5860A,K587,OSQ,CDW
690000K83605,K837,OSQ,CUW
630000K20205,K202,GZQ,CUW
630000K1920K,K192,GZQ,CDW
630000K7760B,K776,GZQ,CUW
670000K68801,K688,OTQ,CUW
660000K81406,K814,ZVQ,CUW
630000K5280H,K528,GZQ,NJH
6c00000G8600,G86,IZQ,AOH
6b0000K5120C,K512,VUQ,SNH
6c000G130200,G1302,IZQ,AOH
6c000G130400,G1304,IZQ,AOH
630000T1700H,T170,GZQ,SNH
6c000G130601,G1306,IZQ,AOH
650000Z10001,Z100,GGQ,SHH
6c0000D93301,D933,IZQ,AOH
6c0000D93705,D937,IZQ,AOH
6b0000Z11200,Z112,VUQ,HBB
650000Z38300,Z383,GGQ,CCT
630000T37000,T370,GZQ,DLT
630000T12409,T124,GZQ,CCT
630000T25406,T254,GZQ,TJP
650000Z23600,Z236,GGQ,HBB
65000K122408,K1224,GGQ,CDW
630000K8270C,K827,GZQ,ICW
650000K48610,K486,SZQ,ICW
630000Z12204,Z122,GZQ,CDW
6c0000G28005,G280,IZQ,JGK
6c000G11020G,G1102,IZQ,WHN
6c000G610209,G6102,IZQ,CWQ
6c0000G83206,G832,IZQ,EAY
6c000G613209,G6132,IZQ,YIQ
6i000G100206,G1002,IOQ,WHN
6c00000G9404,G94,IZQ,ZAF
6c000G11040O,G1104,IZQ,WHN
6i000G601209,G6012,IOQ,CWQ
6c0000G27607,G276,IZQ,QDK
6c0000G63603,G636,IZQ,NXG
630000Z13801,Z138,GZQ,WMR
6c000G11060S,G1106,IZQ,WHN
6i000G60140B,G6014,IOQ,CWQ
63000K109608,K1096,GZQ,RXW
6b000K116803,K1168,VUQ,XAY
6c00000G9605,G96,IZQ,EAY
6i000G614200,G6142,IOQ,KAQ
6i000G100405,G1004,IOQ,WHN
6c000G11080F,G1108,IZQ,WHN
6c000G61040J,G6104,IZQ,CWQ
630000K7700H,K770,GZQ,HOY
6i00000G7403,G74,IOQ,ZAF
6c0000G55203,G552,IZQ,OYN
6c0000G54204,G542,IZQ,ZAF
63000K11600B,K1160,GZQ,YAK
6c000G610609,G6106,IZQ,CWQ
6i000G100606,G1006,IOQ,WHN
6i0000G81802,G818,IOQ,EAY
6i0000G53203,G532,IOQ,SJP
6c000G111007,G1110,IZQ,WHN
630000K64807,K648,GZQ,XAY
6i0000G8220B,G822,IOQ,EAY
63000K117206,K1172,GZQ,RXW
6c000G11120D,G1112,IZQ,WHN
6i000G100807,G1008,IOQ,WHN
6c000G11140F,G1114,IZQ,WHN
6c0000G83607,G836,IZQ,EAY
6c000G111605,G1116,IZQ,WHN
6c000G111804,G1118,IZQ,WHN
630000Z26401,Z264,GZQ,LSO
6i000G601606,G6016,IOQ,CWQ
6i000G101004,G1010,IOQ,WHN
6c000G610805,G6108,IZQ,CWQ
6c000G11200A,G1120,IZQ,WHN
6c0000G84004,G840,IZQ,EAY
6i000G603400,G6034,IOQ,YIQ
6i000G601809,G6018,IOQ,CWQ
6c000G11220F,G1122,IZQ,WHN
6c000D210204,D2102,IZQ,WHN
6c0000G63202,G632,IZQ,NXG
69000K90640B,K9064,OSQ,RDQ
6i000G103200,G1032,IOQ,HAN
6c000G140201,G1402,IZQ,SRG
6i0000G82604,G826,IOQ,EAY
650000K93609,K936,GGQ,XFN
6i000G101203,G1012,IOQ,WHN
6300000Z9000,Z90,GZQ,SJP
6c0000G5440H,G544,IZQ,ZAF
63000K100810,K1008,GZQ,ZKN
6c0000G54607,G546,IZQ,ZZF
6i000G101402,G1014,IOQ,WHN
6c000G112406,G1124,IZQ,WHN
6c000G112605,G1126,IZQ,WHN
650000K93206,K932,GGQ,HAN
6i00000G7802,G78,IOQ,WHN
6i000G602006,G6020,IOQ,CWQ
6c0000G55403,G554,IZQ,LBN
6c000G611004,G6110,IZQ,CWQ
6c000G112804,G1128,IZQ,WHN
6c000G11300A,G1130,IZQ,WHN
6i000G600206,G6002,IOQ,CWQ
630000Z19000,Z190,GZQ,ZZF
6i000G101603,G1016,IOQ,WHN
6i000G101802,G1018,IOQ,WHN
6c000G140401,G1404,IZQ,HGH
6i000G602204,G6022,IOQ,CWQ
6c0000G54807,G548,IZQ,ZAF
630000K64207,K642,GZQ,XFN
6i00000G7602,G76,IOQ,ZAF
6c000G611209,G6112,IZQ,CWQ
6c000G113200,G1132,IZQ,WHN
6c000G615210,G6152,IZQ,KAQ
6i000G102000,G1020,IOQ,WHN
6300000K820F,K82,GZQ,XAY
6i0000G63403,G634,IOQ,NXG
6i000G614600,G6146,IOQ,KAQ
6c000G113405,G1134,IZQ,WHN
6c000G11360D,G1136,IZQ,WHN
6c000G113803,G1138,IZQ,WHN
6i000G602403,G6024,IOQ,CWQ
63000K129609,K1296,GZQ,YIJ
6c000G140602,G1406,IZQ,NXG
6i000G102200,G1022,IOQ,WHN
6c000G11400B,G1140,IZQ,WHN
6i000G602606,G6026,IOQ,CWQ
6c000G61140D,G6114,IZQ,CWQ
630000K7560B,K756,GZQ,LYF
6i0000G63804,G638,IOQ,NXG
6500000T9608,T96,SZQ,HKN
6c000G611607,G6116,IZQ,CWQ
690000K23803,K238,OSQ,TYV
6c000G611807,G6118,IZQ,CWQ
63000T831601,T8316,GZQ,DIQ
650000T18000,T180,GGQ,JNK
630000K2260D,K226,GZQ,LZJ
6c000G61200C,G6120,IZQ,CWQ
6i000G602807,G6028,IOQ,CWQ
6c000G61220E,G6122,IZQ,CWQ
65000K900400,K9004,BJQ,YYQ
65000K90760C,K9076,SZQ,VGQ
66000K108002,K1080,ZVQ,WCN
65000K90180D,K9018,SZQ,CSQ
63000K90780C,K9078,GZQ,AEQ
630000T16000,T160,GZQ,QDK
670000K43709,K436,HCQ,WCN
6b0000K40805,K408,VUQ,CSQ
6c000D280208,D2802,IZQ,KQW
6c000D280401,D2804,IZQ,KQW
6c000D282201,D2822,IZQ,KQW
6c000D280602,D2806,IZQ,KQW
6c000D282600,D2826,IZQ,KQW
6c000D280800,D2808,IZQ,KQW
6c000D282401,D2824,IZQ,KQW
6c000D281001,D2810,IZQ,GIW
630000K8410E,K841,GZQ,ZIW
6c0000D21200,D212,IZQ,GIW
6c000D283002,D2830,IZQ,KQW
6c000D281402,D2814,IZQ,KQW
6c000D282801,D2828,IZQ,KQW
6300000K6408,K64,GZQ,GIW
6c000D281602,D2816,IZQ,GIW
6c000D281802,D2818,IZQ,GIW
6c000D282002,D2820,IZQ,GIW
650000K30905,K309,GGQ,HFH
620000K40702,K407,CSQ,VUQ
550000K51150,K511,SNH,VUQ
41000K117007,K1167,XAY,VUQ
010000Z11401,Z111,HBB,VUQ
630000K2100A,K210,GZQ,NGH
580000K2300H,K231,XMS,KMM
630000K36504,K365,GZQ,KMM
65000K120805,K1205,BJQ,KMM
630000K48307,K483,GZQ,KMM
650000K9210E,K921,GGQ,HKN
6300000K850H,K85,GZQ,JJG
650000T17205,T172,GGQ,NCG
630000K3020P,K302,GZQ,XCH
630000K22206,K222,GZQ,UTH
6c000D363202,D3632,IZQ,BHZ
6c000D360201,D3602,IZQ,NFZ
6c000D236202,D2362,IZQ,NFZ
6c000D236403,D2364,IZQ,NFZ
6c000D360401,D3604,IZQ,NFZ
6c000D236603,D2366,IZQ,NFZ
6c000D363601,D3636,IZQ,BHZ
6c000D360602,D3606,IZQ,NFZ
6c000D360801,D3608,IZQ,NFZ
6c000D368201,D3682,IZQ,NFZ
6c000D361002,D3610,IZQ,NFZ
6c000D361201,D3612,IZQ,NNZ
6c000D361401,D3614,IZQ,NFZ
6i000G291400,G2914,IOQ,NFZ
6c000D361603,D3616,IZQ,NNZ
6c000D368601,D3686,IZQ,NFZ
6c0000D20200,D202,IZQ,NFZ
6c000D366200,D3662,IZQ,BHZ
6c000D364003,D3640,IZQ,BHZ
6c000D370200,D3702,IZQ,FBZ
6c000D369600,D3696,IZQ,NFZ
6c000D364601,D3646,IZQ,BHZ
6i000G291201,G2912,IOQ,NFZ
6c000D362001,D3620,IZQ,NFZ
6c000D362801,D3628,IZQ,NFZ
6c000D362202,D3622,IZQ,NFZ
6c000D362402,D3624,IZQ,NFZ
65000K123206,K1233,BJQ,NNZ
6c000D368401,D3684,IZQ,NFZ
650000K72904,K729,GGQ,DTV
66000K905009,K9050,ZVQ,CZQ
630000K3260J,K326,GZQ,RZH
69000K908409,K9084,OSQ,SYQ
65000K905209,K9052,BJQ,HHQ
66000K90680B,K9068,ZVQ,DIQ
65000K91220C,K9122,SZQ,HYQ
390000K43505,K435,WCN,HCQ
770000K8350A,K835,RXW,OSQ
63000C700102,C7001,GZQ,SZQ
65000C702100,C7021,GGQ,SZQ
63000C704300,C7043,GZQ,SZQ
65000C714700,C7147,GGQ,SZQ
65000C706500,C7065,GGQ,SZQ
63000C707500,C7075,GZQ,SZQ
63000C703300,C7033,GZQ,SZQ
65000C709500,C7095,GGQ,SZQ
63000C710500,C7105,GZQ,SZQ
65000C717900,C7179,GGQ,SZQ
63000C701300,C7013,GZQ,SZQ
65000C713700,C7137,GGQ,SZQ
65000T836109,T8361,GGQ,OTQ
63000C712700,C7127,GZQ,SZQ
65000C718900,C7189,GGQ,SZQ
65000C711500,C7115,GGQ,SZQ
65000D710140,D7101,GGQ,CBQ
63000C700300,C7003,GZQ,SZQ
65000T837902,T8379,GGQ,MOQ
65000C702300,C7023,GGQ,SZQ
65000C714900,C7149,GGQ,SZQ
63000C704500,C7045,GZQ,SZQ
65000C706700,C7067,GGQ,SZQ
65000C709700,C7097,GGQ,SZQ
63000C707700,C7077,GZQ,SZQ
65000C703500,C7035,GGQ,SZQ
65000C718100,C7181,GGQ,SZQ
63000C710700,C7107,GZQ,SZQ
65000C701500,C7015,GGQ,SZQ
65000C713900,C7139,GGQ,SZQ
65000C719100,C7191,GGQ,SZQ
770000K68707,K687,CUW,OTQ
63000C712901,C7129,GZQ,SZQ
65000C711700,C7117,GGQ,SZQ
65000D710500,D7105,GGQ,CBQ
65000C702500,C7025,GGQ,SZQ
65000C715100,C7151,GGQ,SZQ
63000C700500,C7005,GZQ,SZQ
65000C706900,C7069,GGQ,SZQ
63000C704700,C7047,GZQ,SZQ
65000C709900,C7099,GGQ,SZQ
65000C703700,C7037,GGQ,SZQ
65000C707900,C7079,GGQ,SZQ
63000C718300,C7183,GZQ,SZQ
65000C710900,C7109,GGQ,SZQ
65000C714100,C7141,GGQ,SZQ
63000C701700,C7017,GZQ,SZQ
63000C719300,C7193,GZQ,SZQ
65000C711900,C7119,GGQ,SZQ
65000C713100,C7131,GGQ,SZQ
65000C702700,C7027,GGQ,SZQ
65000C707100,C7071,GGQ,SZQ
63000C715300,C7153,GZQ,SZQ
65000C700700,C7007,GGQ,SZQ
65000C703900,C7039,GGQ,SZQ
63000C710100,C7101,GZQ,SZQ
65000C704900,C7049,GGQ,SZQ
65000T836503,T8365,GGQ,MOQ
65000C708100,C7081,GGQ,SZQ
65000C711100,C7111,GGQ,SZQ
65000C714300,C7143,GGQ,SZQ
63000C718500,C7185,GZQ,SZQ
65000C713300,C7133,GGQ,SZQ
65000C701900,C7019,GGQ,SZQ
65000C712100,C7121,GGQ,SZQ
65000D710900,D7109,GGQ,CBQ
63000C719500,C7195,GZQ,SZQ
65000C702900,C7029,GGQ,SZQ
65000C707300,C7073,GGQ,SZQ
65000C700900,C7009,GGQ,SZQ
63000C715500,C7155,GZQ,SZQ
65000C704100,C7041,GGQ,SZQ
65000C710300,C7103,GGQ,SZQ
63000C705100,C7051,GZQ,SZQ
65000C708300,C7083,GGQ,SZQ
65000C711300,C7113,GGQ,SZQ
63000C714500,C7145,GZQ,SZQ
65000C713500,C7135,GGQ,SZQ
65000C721700,C7217,GGQ,SZQ
63000C718700,C7187,GZQ,SZQ
650000K29710,K297,GGQ,XMS
800000K2320L,K229,KMM,XMS
65000C721900,C7219,GGQ,SZQ
65000C719700,C7197,GGQ,SZQ
65000C721500,C7215,GGQ,SZQ
65000C715700,C7157,GGQ,SZQ
65000C720900,C7209,GGQ,SZQ
63000C722700,C7227,GZQ,SZQ
65000C722300,C7223,GGQ,SZQ
650000K79508,K795,GGQ,YTG
39000K107900,K1079,WCN,ZVQ
64000K90670C,K9067,DIQ,ZVQ
63000T834900,T8349,GZQ,EEQ
770000K81320,K813,CUW,ZVQ
62000K90490B,K9049,CZQ,ZVQ
6c000D367600,D3676,IZQ,LZZ
6i000G290202,G2902,IOQ,GBZ
6c000D283202,D2832,IZQ,GBZ
6c000D236801,D2368,IZQ,GBZ
6c000D283401,D2834,IZQ,GBZ
6c000D283600,D2836,IZQ,GBZ
6i000G290401,G2904,IOQ,GBZ
6c000D367200,D3672,IZQ,LZZ
6i000G290601,G2906,IOQ,GBZ
6c000D283801,D2838,IZQ,GBZ
6c000D284001,D2840,IZQ,GBZ
6c000D284203,D2842,IZQ,GBZ
650000K95207,K952,SZQ,GBZ
6c000D284402,D2844,IZQ,GBZ
63000T83520F,T8352,GZQ,PSQ
63000K166600,K1666,GZQ,GZG
69000K906009,K9060,OSQ,HHQ
63000K912608,K9126,GZQ,AOQ
6c000G631702,G6317,IZQ,CBQ
6c000G630107,G6301,IZQ,CBQ
6c000G630503,G6305,IZQ,CBQ
6c000G632501,G6325,IZQ,CBQ
6c000G632102,G6321,IZQ,CBQ
6c000G631302,G6313,IZQ,CBQ
6c000G630903,G6309,IZQ,CBQ
6c000G632901,G6329,IZQ,CBQ
6c000D365801,D3658,IZQ,LZZ
6c000D365601,D3656,IZQ,LZZ
6c000D365202,D3652,IZQ,LZZ
6c000D365401,D3654,IZQ,LZZ
63000T835405,T8354,GZQ,PSQ
64000K906209,K9059,HHQ,OSQ
760000K5880C,K585,CDW,OSQ
6c000G620107,G6201,IZQ,IOQ
760000K48808,K485,ICW,SZQ
6c000G62030H,G6203,IZQ,IOQ
6c000G62050B,G6205,IZQ,IOQ
6c000G620706,G6207,IZQ,IOQ
6c000G620904,G6209,IZQ,IOQ
62000K908609,K9083,SYQ,OSQ
710000K9500A,K951,LZZ,SZQ
6c000G62110J,G6211,IZQ,IOQ
6c000G62130I,G6213,IZQ,IOQ
64000K90630G,K9063,RDQ,OSQ
6c000G621503,G6215,IZQ,IOQ
6c000G621706,G6217,IZQ,IOQ
6c000G60110D,G6011,CWQ,IOQ
6c000G62190F,G6219,IZQ,IOQ
6c000G60130D,G6013,CWQ,IOQ
6c000G62210M,G6221,IZQ,IOQ
270000K23706,K237,TYV,OSQ
6c000G60150C,G6015,CWQ,IOQ
6c000G622303,G6223,IZQ,IOQ
6c000G62250K,G6225,IZQ,IOQ
6c000G602900,G6029,CWQ,IOQ
6c000G622703,G6227,IZQ,IOQ
4e000G100108,G1001,WHN,IOQ
6c000G62290H,G6229,IZQ,IOQ
80000K120606,K1207,KMM,BJQ
71000G291300,G2913,NFZ,IOQ
4e000G10030B,G1003,WHN,IOQ
6c000G623107,G6231,IZQ,IOQ
4e000G100507,G1005,WHN,IOQ
5u0000G63703,G637,NXG,IOQ
4e00000G7703,G77,WHN,IOQ
6c000G62330I,G6233,IZQ,IOQ
6c000G60170E,G6017,CWQ,IOQ
6c000G62350B,G6235,IZQ,IOQ
6c000G60190G,G6019,CWQ,IOQ
71000G290102,G2901,GBZ,IOQ
4e000G100705,G1007,WHN,IOQ
4e000G100909,G1009,WHN,IOQ
6c000G62370H,G6237,IZQ,IOQ
6c000G60210E,G6021,CWQ,IOQ
6c000G62390K,G6239,IZQ,IOQ
4e000G101107,G1011,WHN,IOQ
61000G614800,G6145,KAQ,IOQ
5u0000G63303,G633,NXG,IOQ
6c000G62410C,G6241,IZQ,IOQ
71000G291101,G2911,NFZ,IOQ
6c000G62430H,G6243,IZQ,IOQ
42000G103400,G1031,HAN,IOQ
4e000G101303,G1013,WHN,IOQ
6c000G60230H,G6023,CWQ,IOQ
4f0000G82006,G817,EAY,IOQ
6c000G60010D,G6001,CWQ,IOQ
6c000G62470G,G6247,IZQ,IOQ
260000G5310A,G531,SJP,IOQ
4e000G101505,G1015,WHN,IOQ
3800000G7305,G73,ZAF,IOQ
6c000G624903,G6249,IZQ,IOQ
4e000G101704,G1017,WHN,IOQ
6c000G62510P,G6251,IZQ,IOQ
4f0000G8240A,G821,EAY,IOQ
4e000G101901,G1019,WHN,IOQ
6c000G625302,G6253,IZQ,IOQ
6c000G62550H,G6255,IZQ,IOQ
71000G290300,G2903,GBZ,IOQ
6c000G625701,G6257,IZQ,IOQ
3800000G7503,G75,ZAF,IOQ
6c000G603300,G6033,YIQ,IOQ
4e000G102106,G1021,WHN,IOQ
71000G290502,G2905,GBZ,IOQ
4f0000G8280C,G825,EAY,IOQ
6c000G60250B,G6025,CWQ,IOQ
6c000G60270C,G6027,CWQ,IOQ
6c000G625904,G6259,IZQ,IOQ
61000G614400,G6141,KAQ,IOQ
6c000C770100,C7701,IZQ,EFQ
6c000C770500,C7705,IZQ,EFQ
6c000C770700,C7707,IZQ,EFQ
6c000C770900,C7709,IZQ,EFQ
6c000C771300,C7713,IZQ,EFQ
6c000C771500,C7715,IZQ,EFQ
6c000C771700,C7717,IZQ,EFQ
6c000C772100,C7721,IZQ,EFQ
6c000C772300,C7723,IZQ,EFQ
6c000C772500,C7725,IZQ,EFQ
6c000C772900,C7729,IZQ,EFQ
6c000C773100,C7731,IZQ,EFQ
6c000C773300,C7733,IZQ,EFQ
6c000C773700,C7737,IZQ,EFQ
6c000C773900,C7739,IZQ,EFQ
6c000C774100,C7741,IZQ,EFQ
6c000C774500,C7745,IZQ,EFQ
6c000C774700,C7747,IZQ,EFQ
6c000C774900,C7749,IZQ,EFQ
6c000C760100,C7601,IZQ,ZHQ
6c000C760300,C7603,IZQ,ZHQ
6c000C760500,C7605,IZQ,ZHQ
6c000C760900,C7609,IZQ,ZHQ
6c000C761100,C7611,IZQ,ZHQ
6c000C761500,C7615,IZQ,ZHQ
6c000C761700,C7617,IZQ,ZHQ
6c000C761900,C7619,IZQ,ZHQ
6c000C762100,C7621,IZQ,ZHQ
6c000C762500,C7625,IZQ,ZHQ
6c000C762700,C7627,IZQ,ZHQ
6c000C763100,C7631,IZQ,ZHQ
6c000C763300,C7633,IZQ,ZHQ
6c000C763500,C7635,IZQ,ZHQ
6c000C763700,C7637,IZQ,ZHQ
6c000C763900,C7639,IZQ,ZHQ
6c000C764300,C7643,IZQ,ZHQ
6c000C764700,C7647,IZQ,ZHQ
6c000C764900,C7649,IZQ,ZHQ
6c000C765100,C7651,IZQ,ZHQ
6c000C765300,C7653,IZQ,ZHQ
6c000C765500,C7655,IZQ,ZHQ
6c000C765900,C7659,IZQ,ZHQ
6c000C766300,C7663,IZQ,ZHQ
6c000C766500,C7665,IZQ,ZHQ
6c000C766700,C7667,IZQ,ZHQ
6c000C766900,C7669,IZQ,ZHQ
6c000C767100,C7671,IZQ,ZHQ
6c000C767500,C7675,IZQ,ZHQ
6c000C767900,C7679,IZQ,ZHQ
6c000C768100,C7681,IZQ,ZHQ
6c000C768300,C7683,IZQ,ZHQ
6c000C768700,C7687,IZQ,ZHQ
770000G31002,G310,CUW,BXP
770000K62008,K620,CUW,BXP
760000G30801,G308,ICW,BXP
7700000T1002,T10,CUW,BXP
7600000Z5001,Z50,CDW,BXP
770000K82005,K820,CUW,BXP
770000K59008,K590,CUW,BXP
760000G31401,G314,ICW,IZQ
770000K20102,K201,CUW,GZQ
760000K19410,K191,CDW,GZQ
770000K77505,K775,CUW,GZQ
770000K35803,K358,CUW,GZQ
77000D221400,D2214,CUW,AOH
7700000K7301,K73,CUW,SNH
77000D221803,D2218,CUW,AOH
760000D63801,D638,ICW,AOH
76000D220803,D2208,ICW,AOH
77000K115405,K1154,CUW,SHH
77000K124908,K1249,CQW,SNH
77000K157403,K1574,CUW,CCT
77000K10640H,K1064,CUW,HBB
77000D51350N,D5135,CUW,ICW
620000K50206,K503,CSQ,ICW
620000K5770G,K577,CSQ,ICW
77000D51010A,D5101,CUW,ICW
77000D510330,D5103,CUW,CDW
710000K6510I,K651,GBZ,ICW
77000D51050C,D5105,CUW,ICW
710000K14206,K140,NNZ,ICW
77000D51070F,D5107,CUW,ICW
77000D51110G,D5111,CUW,ICW
77000D511320,D5113,CUW,CDW
77000D51150C,D5115,CUW,ICW
4e0000D63210,D633,WHN,CDW
77000D511709,D5117,CUW,ICW
4e0000D36602,D367,WHN,ICW
77000D511930,D5119,CUW,ICW
77000D51230J,D5123,CUW,ICW
39000D225903,D2259,HKN,ICW
77000D51250A,D5125,CUW,CDW
38000D220104,D2201,ZZF,ICW
77000D512707,D5127,CUW,ICW
5l000D225531,D2255,NKH,ICW
57000D223604,D2237,NCG,ICW
5l0000D63600,D637,AOH,ICW
5l000D220631,D2207,AOH,ICW
77000D512930,D5129,CUW,CDW
56000D222221,D2223,HGH,ICW
58000D224206,D2243,FZS,ICW
56000D226200,D2263,HGH,ICW
760000K5780H,K579,ICW,CSQ
760000K50402,K504,ICW,CSQ
77000D222802,D2228,CUW,FZS
76000D224404,D2244,ICW,FZS
77000K127020,K1270,CQW,FZS
760000K13906,K141,ICW,NNZ
770000K15901,K159,CQW,KMM
77000K124710,K1247,CQW,NGH
770000K16700,K167,CQW,KMM
770000K87110,K871,CQW,ZJZ
77000K951703,K9517,CQW,GIW
770000G31600,G316,CUW,QDK
770000D65800,D658,CUW,NGH
77000D224800,D2248,CUW,HGH
76000D222402,D2224,ICW,HGH
76000D226400,D2264,ICW,HGH
76000D225602,D2256,ICW,NKH
77000K153601,K1536,CUW,NDC
7700000K1602,K16,CUW,JNK
770000K5420C,K542,CUW,WMR
77000D223403,D2234,CUW,XKS
76000D223802,D2238,ICW,NCG
770000K69007,K690,CUW,TYV
77000D226630,D2266,CUW,HKN
77000D227202,D2272,CUW,HKN
76000D220203,D2202,ICW,ZZF
76000D226004,D2260,ICW,HKN
770000T25880,T258,CQW,HKN
760000D36810,D368,ICW,WHN
77000D227802,D2278,CUW,WHN
77000D225203,D2252,CUW,HKN
760000D63403,D634,CDW,WHN
77000K158207,K1582,CUW,WMR
77000K100404,K1004,CUW,XAY
770000K9100D,K910,CUW,ZZF
770000K66402,K664,CUW,NUH
77000K942408,K9424,CUW,RXW
77000D850404,D8504,CUW,OSW
77000056090N,5609,CUW,ETW
77000D852803,D8528,CUW,FEW
77000K94610Q,K9461,CUW,ETW
770000K3350N,K335,CUW,XMS
77000D853410,D8534,CUW,FUW
760000K65209,K653,ICW,GBZ
77000K107703,K1077,CUW,NGH
77000056120L,5612,CQW,NJW
77000K936602,K9366,CUW,NCW
77000056290J,5629,CQW,ZIW
77000K941201,K9412,CUW,VUW
77000K941600,K9416,CUW,VUW
77000K942800,K9428,CUW,QRW
77000D514110,D5141,CUW,WKW
77000D514320,D5143,CUW,WKW
78000056300J,5630,ZIW,CQW
77000056110I,5611,NJW,CQW
5l0000G10240,G102,AOH,VNP
5l0000G10440,G104,AOH,VNP
5l0000G10641,G106,AOH,VNP
5l0000G10852,G108,AOH,VNP
5l00000G1212,G12,AOH,VNP
5l0000G11071,G110,AOH,VNP
5l0000G11273,G112,AOH,VNP
5l0000G11433,G114,AOH,VNP
5l000000G221,G2,AOH,VNP
5l0000G11651,G116,AOH,VNP
5l00000G1431,G14,AOH,VNP
5l0000G11821,G118,AOH,VNP
5l0000G120C1,G120,AOH,VNP
5600000G4240,G42,HGH,VNP
5l0000G12241,G122,AOH,VNP
5l00000G1611,G16,AOH,VNP
5l0000G124E0,G124,AOH,VNP
5l0000G12670,G126,AOH,VNP
5l0000G12870,G128,AOH,VNP
5l0000G13001,G130,AOH,VNP
5l0000G13279,G132,AOH,VNP
5500001462F2,1462,SHH,BJP
5l0000G41200,G412,AOH,VNP
5l0000G13481,G134,AOH,VNP
5l0000G13661,G136,AOH,VNP
5l0000G13823,G138,AOH,VNP
5l0000G14021,G140,AOH,VNP
5l000000G430,G4,AOH,VNP
5l0000G14245,G142,AOH,VNP
5l0000G14462,G144,AOH,VNP
5l00000G1821,G18,AOH,VNP
5l0000G146A1,G146,AOH,VNP
5l0000G148A0,G148,AOH,VNP
5l00000G2003,G20,AOH,VNP
5l0000G15021,G150,AOH,VNP
5l0000G152A4,G152,AOH,VNP
5l00000G2214,G22,AOH,VNP
5l0000G15431,G154,AOH,VNP
5l0000G15671,G156,AOH,VNP
5600000G4470,G44,HGH,VNP
5l0000G15891,G158,AOH,VNP
5l0000G160C0,G160,AOH,VNP
550000T11051,T110,SHH,BJP
550000D32231,D322,SHH,VNP
5l00000G8500,G85,AOH,IZQ
5l000G130110,G1301,AOH,IZQ
550000T16910,T169,SNH,GZQ
5l000G130310,G1303,AOH,IZQ
5l000G130500,G1305,AOH,IZQ
5500000Z9900,Z99,SHH,JQO
540000K52791,K527,NJH,GZQ
5l0000D93101,D931,AOH,IZQ
5l0000D93521,D935,AOH,IZQ
5l000D221210,D2212,AOH,CUW
5l000D221631,D2216,AOH,CUW
55000K125151,K1251,SNH,CQW
5500000K7110,K71,SNH,CUW
55000K115220,K1152,SHH,CUW
55000G7361B1,G7361,SHH,HZH
55000G736382,G7363,SHH,HZH
55000G704472,G7044,SHH,NJH
55000G704862,G7048,SHH,NJH
55000G705651,G7056,SHH,NJH
55000G706661,G7066,SHH,NJH
5l000G123220,G1232,AOH,SBT
5l0000G21206,G212,AOH,TXP
5l000G125841,G1258,AOH,CCT
5l000G120421,G1204,AOH,VAB
5l000G121420,G1214,AOH,CCT
5l000G123610,G1236,AOH,CCT
550000K51670,K516,SHH,CCT
5l000G125201,G1252,AOH,DFT
5l000G122822,G1228,AOH,SBT
550000Z17210,Z172,SHH,HBB
550000T13280,T132,SHH,DLT
5l0000G21483,G214,AOH,TXP
5600000K4803,K48,HZH,QHX
5l0000G21640,G216,AOH,TXP
550000K188A2,K188,SHH,DUT
560000Z28200,Z282,HZH,BTC
550000122873,1228,SHH,FXD
5e00000K7690,K76,NGH,CCT
550000K29053,K290,SHH,CDW
55000K115630,K1156,SHH,CDW
550000K351A0,K351,SNH,CDW
550000K282A4,K282,SHH,CDW
5l000G137100,G1371,AOH,KAQ
5l000G134110,G1341,AOH,CWQ
5l0000G57610,G576,AOH,CWQ
5l000G134310,G1343,AOH,CWQ
5l000G134710,G1347,AOH,CWQ
5l000G150101,G1501,AOH,NFZ
5l000G134910,G1349,AOH,CWQ
5l000G135110,G1351,AOH,CWQ
5l000G137301,G1373,AOH,KAQ
5l000G135301,G1353,AOH,CWQ
5l000G137501,G1375,AOH,KAQ
5l000G135501,G1355,AOH,CWQ
5l000G135700,G1357,AOH,CWQ
5l000G135901,G1359,AOH,CWQ
5l000G136101,G1361,AOH,CWQ
55000K137330,K1373,SNH,HHQ
550000K13730,K137,SNH,CSQ
5l000G136301,G1363,AOH,CWQ
5l000G136501,G1365,AOH,CWQ
5l000D320350,D3203,AOH,XKS
5l0000D37940,D379,AOH,XKS
5l000D313110,D3131,AOH,LYS
5l000D228703,D2287,AOH,IOQ
5l000D310562,D3105,AOH,FYS
5l000D320172,D3201,AOH,XKS
5l000D311332,D3113,AOH,FYS
5l000D228503,D2285,AOH,IOQ
5l000D320570,D3205,AOH,XKS
5l000D310760,D3107,AOH,IOQ
54000D228103,D2281,NJH,IOQ
54000D313520,D3135,NJH,LYS
5l000D320790,D3207,AOH,XKS
550000K16364,K163,SNH,FZS
5l000D320960,D3209,AOH,XKS
5l000D311940,D3119,AOH,XKS
5l000D312140,D3121,AOH,FYS
5l000D310130,D3101,AOH,FZS
5l0000D38140,D381,AOH,FYS
5l000D310340,D3103,AOH,FYS
540000K52510,K525,NJH,FZS
550000K83370,K833,SNH,GIW
550000K111C0,K111,SNH,GIW
5500000K79B1,K79,SNH,KMM
550000K49522,K495,SNH,GIW
550000K73971,K739,SNH,KMM
5l000G716280,G7162,AOH,UAH
5l000D300200,D3002,AOH,WHN
5l000D307221,D3072,AOH,HAN
5l0000G59811,G598,AOH,HKN
5l000D305620,D3056,AOH,HKN
55000G726820,G7268,SHH,HOH
55000G723250,G7232,SHH,UAH
5l000D306401,D3064,AOH,HKN
5l0000G67610,G676,AOH,WHN
5l000D302222,D3022,AOH,WCN
56000G737210,G7372,JUH,ENH
56000G756400,G7564,HGH,ENH
5l000D306060,D3060,AOH,HKN
5l000D309011,D3090,AOH,HKN
5l000D306860,D3068,AOH,WCN
55000G723661,G7236,SHH,ENH
55000G724021,G7240,SHH,UAH
5j000G757210,G7572,VRH,HOH
55000G726470,G7264,SHH,ENH
55000K101240,K1012,SHH,VVP
55000G724421,G7244,SHH,ENH
5j000G757600,G7576,CEH,UAH
55000G7248A1,G7248,SHH,ENH
5l000D302600,D3026,AOH,HKN
5l000D300635,D3006,AOH,HAN
55000G727611,G7276,SHH,ENH
5l000D309411,D3094,AOH,HKN
5l000D301040,D3010,AOH,HKN
55000K110620,K1106,SHH,NFF
5l000D303260,D3032,AOH,HKN
55000G725272,G7252,SHH,ENH
5l000D305202,D3052,AOH,HKN
5l000D301450,D3014,AOH,HKN
550000K46400,K464,SHH,XUN
5l000D304210,D3042,AOH,HKN
56000G737620,G7376,JUH,ENH
5l000D308640,D3086,AOH,HKN
55000G7256D1,G7256,SHH,ENH
5l000D304640,D3046,AOH,HKN
55000G726040,G7260,SHH,ENH
5j000G759611,G7596,VRH,ENH
55000K843431,K8434,SHH,AQH
55000K8362B2,K8362,SHH,FYH
550000Z26801,Z268,SHH,NDC
1100000K7507,K75,CCT,NGH
48000K837100,K8371,XCH,JUH
5l000G7331A0,G7331,AOH,HZH
0400000K5002,K47,QHX,HZH
5l000G138101,G1381,AOH,NXG
49000K118408,K1181,YAK,JBH
5l000G750150,G7501,AOH,CEH
5l000D560110,D5601,AOH,NKH
5l000G730190,G7301,AOH,HZH
5l000G750330,G7503,AOH,NGH
5l000G138301,G1383,AOH,NXG
5l000G730391,G7303,AOH,HZH
550000K14903,K149,SNH,ZJZ
5l000G750530,G7505,NKH,NGH
55000K118520,K1185,SNH,JJG
5l000G739930,G7399,NKH,HZH
54000D558990,D5589,NJH,VRH
54000G735901,G7359,NJH,QEH
5l000G758700,G7587,NKH,VRH
5l000G750713,G7507,AOH,NGH
330000Z28400,Z281,BTC,HZH
5l000G730760,G7307,AOH,HZH
5l000G758930,G7589,UUH,NGH
5l000G750930,G7509,AOH,NGH
5l000D957100,D9571,AOH,VRH
5l000D543134,D5431,UUH,VRH
5l000G730981,G7309,AOH,HZH
5l000G753720,G7537,AOH,CEH
550000T21120,T211,SNH,SZQ
5l000G751103,G7511,AOH,VRH
5l000G138501,G1385,AOH,NXG
5l000G138702,G1387,AOH,NXG
5l000G7311A0,G7311,AOH,HZH
550000K751A1,K751,SNH,PEN
5i000G737800,G7375,ENH,JUH
5i000G759801,G7595,ENH,NGH
5l000G138901,G1389,AOH,NXG
5l000G731380,G7313,AOH,HZH
550000T10120,T101,SNH,SZQ
550000K123B3,K123,SNH,SNN
5l000G751540,G7515,AOH,NGH
54000G735500,G7355,CZH,HZH
5l000G753922,G7539,AOH,VRH
550000K57550,K575,SNH,SYQ
53000G757800,G7575,UAH,CEH
550000K807B0,K807,SNH,HHQ
5500000T8140,T81,SNH,NNZ
5l000G731581,G7315,AOH,HZH
54000G758320,G7583,CZH,NGH
5l000G751713,G7517,AOH,NGH
5l000G7317A0,G7317,AOH,HZH
550000K25383,K253,SNH,HAN
550000K75950,K759,SNH,HYQ
5l000G751930,G7519,AOH,NGH
5l000G736720,G7367,AOH,JUH
5500000T7770,T77,SNH,GBZ
53000G757100,G7571,HOH,VRH
5f000T7788E0,T7785,NUH,LWH
5l000G139101,G1391,AOH,NXG
550000T38110,T381,SNH,KMM
5l000G7319A0,G7319,AOH,HZH
5l000G752160,G7521,AOH,CEH
5500000T2501,T25,SNH,NNZ
5i000G756600,G7563,ENH,HGH
54000G758520,G7585,CZH,VRH
550000K46940,K469,SZH,GZG
5l000G732190,G7321,AOH,HZH
55000K120940,K1209,SNH,XMS
5l000G139301,G1393,AOH,NXG
550000K27162,K271,SNH,JGG
5l000G752507,G7525,AOH,VRH
5l000G734161,G7341,AOH,NKH
5i000G737400,G7371,ENH,JUH
5l000G7323B0,G7323,AOH,HZH
5l000G139502,G1395,AOH,NXG
5500000K11F0,K11,SNH,WCN
5l000G753541,G7535,AOH,VRH
5l000G756110,G7561,AOH,VRH
5l000G755310,G7553,AOH,HGH
550000Z11501,Z115,SNH,BJQ
5l0000D90511,D905,AOH,IOQ
5l0000D90711,D907,AOH,IOQ
5l000G752724,G7527,AOH,NGH
550000K28701,K287,SNH,NCG
5l000G755903,G7559,AOH,HGH
5l000G752900,G7529,AOH,NGH
550000K19701,K197,SNH,OSQ
5l000G732771,G7327,AOH,HZH
5l000G732961,G7329,AOH,HZH
53000K840192,K8401,BZH,RZH
5l0000G45610,G456,AOH,RCK
5l0000G22222,G222,AOH,QDK
5l0000G23010,G230,AOH,QDK
5l0000G46000,G460,AOH,YAK
5l0000G226E2,G226,AOH,QDK
550000K37291,K372,SHH,TYV
5l0000G23431,G234,AOH,QDK
5l0000G29810,G298,AOH,JGK
55000K133210,K1332,SHH,YIJ
56000K118250,K1182,JBH,YAK
550000Z16401,Z164,SHH,LSO
550000K37680,K376,SHH,XNO
55000K160600,K1606,SHH,LZJ
55000K218680,K2186,SHH,XNO
550000T20401,T204,SHH,YMR
550000T11650,T116,SHH,LZJ
580000K52601,K526,FZS,NJH
55000G703230,G7032,SHH,NJH
55000G703440,G7034,SHH,NJH
5l0000D28230,D282,AOH,ZZF
55000G700242,G7002,SHH,NJH
55000G703661,G7036,SHH,NJH
5l000G712253,G7122,AOH,NJH
5l0000D28611,D286,AOH,ZZF
55000G703841,G7038,SHH,NJH
55000G700481,G7004,SHH,NJH
55000G704072,G7040,SHH,NJH
55000G704280,G7042,SHH,NJH
5l000G712470,G7124,AOH,NJH
55000G700641,G7006,SHH,NJH
550000K36060,K360,SHH,YIJ
55000G704670,G7046,SHH,NJH
55000G700864,G7008,SHH,NJH
5l000G712651,G7126,AOH,NJH
55000G705072,G7050,SHH,NJH
55000G701053,G7010,SHH,NJH
5l000G712890,G7128,AOH,NJH
550000K23404,K234,SHH,SJP
5l000G713050,G7130,AOH,NJH
55000G729220,G7292,SHH,UUH
55000G701271,G7012,SHH,NJH
55000G705263,G7052,SHH,NJH
55000G705461,G7054,SHH,NJH
550000K78230,K782,SHH,YTG
56000T7786E0,T7786,LWH,NUH
55000G729600,G7296,SHH,UUH
5l000G713282,G7132,AOH,NJH
55000G701481,G7014,SHH,NJH
5l000G713470,G7134,AOH,NJH
550000K17200,K172,SHH,RZK
55000K110230,K1102,SHH,AYF
55000G701664,G7016,SHH,NJH
550000K73850,K738,SHH,LYF
5l000G713662,G7136,AOH,NJH
55000G705871,G7058,SHH,NJH
550000K56000,K560,SHH,YWY
55000G701883,G7018,SHH,NJH
5l000G713851,G7138,AOH,NJH
55000G706064,G7060,SHH,NJH
550000T13890,T138,SHH,XAY
55000G702071,G7020,SHH,NJH
5l0000D29211,D292,AOH,ZZF
5l000G714061,G7140,AOH,NJH
55000G706260,G7062,SHH,NJH
550000K15200,K152,SHH,ZZF
55000G706490,G7064,SHH,NKH
55000G702271,G7022,SHH,NJH
5l000G714263,G7142,AOH,NJH
55000G729401,G7294,SHH,UUH
55000G702464,G7024,SHH,NJH
5c000D313709,D3136,LYS,NJH
5l000G714462,G7144,AOH,NJH
55000G706880,G7068,SHH,NJH
5e000G752030,G7520,NGH,NKH
5j000D543280,D5432,VRH,UUH
55000G707041,G7070,SHH,NJH
5500000Z9221,Z92,SHH,XAY
55000G702633,G7026,SHH,NJH
550000Z19600,Z196,SHH,TYV
5l000G714671,G7146,AOH,NKH
5e000G759011,G7590,NGH,UUH
6i000D228203,D2282,IOQ,NJH
5e000G758210,G7582,NGH,NJH
55000G707260,G7072,SHH,NJH
55000G707461,G7074,SHH,NKH
5l000G719822,G7198,AOH,NKH
55000G729800,G7298,SHH,UUH
5j000G758810,G7588,CEH,NKH
55000G702821,G7028,SHH,NJH
55000G707690,G7076,SHH,NJH
55000G707880,G7078,SHH,NJH
55000K8418E0,K8418,SHH,HKH
5l000G714830,G7148,AOH,NJH
55000G708070,G7080,SHH,NKH
55000K835690,K8356,SHH,UKH
55000G703040,G7030,SHH,NJH
5l000G715023,G7150,AOH,NJH
5j000D5590E1,D5590,VRH,NJH
5a000K8402A0,K8402,RZH,FYH
56000G735800,G7358,HZH,NKH
55000G7092E0,G7092,SHH,NJH
55000K8482B0,K8482,SHH,FYH
550000D30641,D306,SHH,EAY
56000K837280,K8372,JUH,XCH
55000K837870,K8378,SHH,FYH
55000K843262,K8432,SHH,HRH
55000T760650,T7606,SHH,DCH
55000K836635,K8366,SHH,BZH
55000K150610,K1506,SHH,ZKN
5500000Z2702,Z27,SNH,WCN
56000G735630,G7356,HZH,CZH
5j000G758610,G7586,VRH,CZH
55000G720680,G7206,SHH,CZH
56000G736000,G7360,QEH,CZH
55000G721413,G7214,SHH,SZH
55000G720460,G7204,SHH,WXH
570000K47008,K470,GZG,SZH
55000G721601,G7216,SHH,SZH
55000G721072,G7210,SHH,WXH
55000G721830,G7218,SHH,SZH
55000G722012,G7220,SHH,SZH
55000K835106,K8351,SNH,UCH
55000K835306,K8353,SNH,UCH
56000G7362B0,G7362,HZH,SHH
56000G7364B1,G7364,HZH,SHH
54000G704190,G7041,NJH,SHH
55000G721313,G7213,SZH,SHH
54000G720540,G7205,CZH,SHH
5i000G723811,G7235,ENH,SHH
53000G726700,G7267,HOH,SHH
54000G707582,G7075,NJH,SHH
5800000K4607,K46,FZS,BJP
4700000K5202,K52,RZK,BJP
1300000Z8101,Z80,DLT,BJP
5300000T6490,T64,HFH,BJP
25000C20020A,C2002,TJP,VNP
25000C261403,C2614,TXP,VNP
25000C22020B,C2202,TJP,VNP
5f0000Z14001,Z140,NUH,BJP
1200000K280C,K28,DUT,BJP
25000C200408,C2004,TJP,VNP
25000C22040A,C2204,TJP,VNP
25000C200606,C2006,TJP,VNP
25000C261604,C2616,TXP,VNP
25000C20080D,C2008,TJP,VNP
25000C22060A,C2206,TJP,VNP
2d000G900400,G9004,CBP,VNP
25000C20100A,C2010,TJP,VNP
25000C22080A,C2208,TJP,VNP
25000C20120G,C2012,TJP,VNP
25000C201408,C2014,TJP,VNP
5f0000T21711,T216,UTH,BJP
25000G678400,G6784,FHP,VNP
25000C22100A,C2210,TJP,VNP
5600000T3211,T32,HZH,BJP
25000C20160A,C2016,TJP,VNP
4p0000D40206,D402,JGK,VNP
25000C20180F,C2018,TJP,VNP
25000C22120B,C2212,TJP,VNP
25000C202007,C2020,TJP,VNP
25000C20220C,C2022,TJP,VNP
5l0000G20810,G208,UUH,VNP
25000C221407,C2214,TJP,VNP
25000C20240H,C2024,TJP,VNP
200000K2160R,K216,TML,BJP
25000C202609,C2026,TJP,VNP
25000C20280C,C2028,TJP,VNP
25000C20300B,C2030,TJP,VNP
25000C221607,C2216,TJP,VNP
490000K41209,K412,WKK,BJP
5l0000G20231,G202,NKH,VNP
25000C20320C,C2032,TJP,VNP
0400000T4003,T40,QHX,BJP
25000C221809,C2218,TJP,VNP
530000G26211,G262,HFH,VNP
490000G17800,G178,QDK,VNP
250000443040,4430,QTP,BJP
25000C20340D,C2034,TJP,VNP
490000G18000,G180,QDK,VNP
25000C20360L,C2036,TJP,VNP
25000G678600,G6786,FHP,VNP
25000C20380B,C2038,TJP,VNP
490000K28603,K286,YAK,BJP
25000C222007,C2220,TJP,VNP
530000G26408,G264,HFH,VNP
25000C222208,C2222,TJP,VNP
25000C20400A,C2040,TJP,VNP
25000C20420A,C2042,TJP,VNP
25000C20440A,C2044,TJP,VNP
25000C222409,C2224,TJP,VNP
25000C20460D,C2046,TJP,VNP
25000C20480K,C2048,TJP,VNP
25000C20500F,C2050,TJP,VNP
18000K102403,K1024,TML,BJP
25000C205209,C2052,TJP,VNP
5a0000K102A1,K102,RZH,BJP
25000C222608,C2226,TJP,VNP
25000G678800,G6788,FHP,VNP
25000C20540E,C2054,TJP,VNP
25000C205608,C2056,TJP,VNP
490000G18804,G188,QDK,VNP
25000C20580A,C2058,TJP,VNP
25000C22280B,C2228,TJP,VNP
25000C206008,C2060,TJP,VNP
25000D679405,D6794,TSP,VNP
25000C20620B,C2062,TJP,VNP
25000C22300E,C2230,TJP,VNP
25000C20640D,C2064,TJP,VNP
25000C20660B,C2066,TJP,VNP
25000C20680A,C2068,TJP,VNP
25000C20700B,C2070,TJP,VNP
490000G19206,G192,QDK,VNP
25000C22320A,C2232,TJP,VNP
25000C20720I,C2072,TJP,VNP
530000G26851,G268,HFH,VNP
25000C223408,C2234,TJP,VNP
5300000G3011,G30,HFH,VNP
25000C207408,C2074,TJP,VNP
25000C20760D,C2076,TJP,VNP
25000C20780B,C2078,TJP,VNP
25000C208007,C2080,TJP,VNP
25000G679010,G6790,FHP,VNP
25000C223605,C2236,TJP,VNP
25000C223808,C2238,TJP,VNP
5800000G5603,G56,FZS,VNP
25000C20820D,C2082,TJP,VNP
05000K130206,K1302,MLX,BJP
25000C20840F,C2084,TJP,VNP
25000C208609,C2086,TJP,VNP
25000C224006,C2240,TJP,VNP
25000C20880C,C2088,TJP,VNP
25000C20900H,C2090,TJP,VNP
25000C209207,C2092,TJP,VNP
25000C209408,C2094,TJP,VNP
25000C20960C,C2096,TJP,VNP
490000G47210,G472,YAK,VNP
110000259001,2590,BCT,BJP
25000C20980B,C2098,TJP,VNP
25000C26120J,C2612,TXP,VNP
0500000K4203,K40,HRX,BJP
25000C22420M,C2242,TJP,VNP
5n0000G16602,G166,XKS,VNP
25000D679602,D6796,TSP,VNP
25000C21000D,C2100,TJP,VNP
25000C22440E,C2244,TJP,VNP
25000G679200,G6792,FHP,VNP
25000C21020R,C2102,TJP,VNP
5e00000G6003,G60,NGH,VNP
25000C21040S,C2104,TJP,VNP
25000C21060N,C2106,TJP,VNP
1g0000G38503,G388,DFT,VNP
25000C224608,C2246,TJP,VNP
25000C21080V,C2108,TJP,VNP
25000C21100J,C2110,TJP,VNP
25000C21120H,C2112,TJP,VNP
25000C211405,C2114,TJP,VNP
530000G27211,G272,HFH,VNP
25000C211606,C2116,TJP,VNP
180000G38404,G384,JLL,VNP
25000C211802,C2118,TJP,VNP
0h0000G38205,G382,VAB,VNP
25000C212000,C2120,TJP,VNP
130000T36901,T368,DLT,GZQ
010000Z23800,Z238,HBB,GGQ
110000T12207,T122,CCT,GZQ
250000T2530P,T253,TJP,GZQ
110000Z38400,Z384,CCT,GGQ
11000K157203,K1572,CCT,CUW
01000K10620F,K1062,HBB,CUW
110000K5180C,K515,CCT,SHH
150000123004,1227,FXD,SHH
250000G2110D,G211,TXP,AOH
250000G2130B,G213,TXP,AOH
12000G122605,G1226,SBT,AOH
13000G125104,G1254,DLT,AOH
11000G121203,G1212,CCT,AOH
250000G2150L,G215,TXP,AOH
0h000G120205,G1202,VAB,AOH
11000G123402,G1234,CCT,AOH
11000G125604,G1256,CCT,AOH
010000Z17400,Z171,HBB,SHH
130000T1310Q,T131,DLT,SHH
120000K1900X,K187,DUT,SHH
470000K29410,K295,JNK,HBB
47000K145003,K1451,RZK,MDB
47000K154600,K1547,HIK,VAB
380000K92670,K927,ZZF,HBB
530000T24270,T243,HFH,QHX
490000K70204,K703,QHK,HBB
560000Z17601,Z177,HZH,HBB
49000K10540C,K1055,QHK,YJL
49000K13920D,K1393,YAK,JMB
390000T18202,T183,HKN,HBB
250000G37307,G373,TXP,VAB
47000G124401,G1241,JNK,CCT
49000G126804,G1265,QHK,CCT
49000G120804,G1205,QHK,VAB
49000G124802,G1245,QHK,VAB
420000K97400,K975,XFN,HBB
4e000G127801,G1275,WHN,VAB
5a0000K55280,K553,RZH,MDB
71000K238601,K2387,NNZ,CCT
410000K1260F,K127,XAY,CCT
760000K54620,K547,CDW,JMB
26000K152610,K1527,HDP,HBB
250000148907,1489,TJP,JMB
710000K72601,K727,GBZ,HBB
80000K22860B,K2287,KMM,CCT
120000K3880N,K388,SBT,CDW
020000K54800,K548,JMB,CDW
250000K2570I,K257,TJP,CDW
250000G29203,G292,TJP,CWQ
120000K6680I,K668,SBT,FZS
11000K228809,K2285,CCT,KMM
25000K134400,K1344,TJP,GIW
040000T24400,T241,QHX,HFH
12000G127202,G1272,SBT,WHN
0h000G127602,G1276,VAB,WHN
030000K55404,K554,MDB,RZH
120000K34608,K347,SBT,RZH
2500000G5107,G51,TXP,NGH
010000Z17801,Z175,HBB,HZH
12000G122203,G1222,SBT,NGH
2500000G5307,G53,TXP,HGH
18000K10560E,K1056,YJL,QHK
010000K7040A,K701,HBB,QHK
190000K97204,K972,THL,QHK
120000K95805,K955,DUT,QHK
250000G17106,G171,TXP,QDK
010000K29603,K293,HBB,JNK
250000G17300,G173,TXP,QDK
0h000G120605,G1206,VAB,QHK
11000G126605,G1266,CCT,QHK
0h000G124602,G1246,VAB,QHK
03000K145201,K1452,MDB,RZK
1g0000G38905,G392,DFT,JGK
02000K13940D,K1391,JMB,YAK
11000G124201,G1242,CCT,JGK
110000Z10202,Z102,CCT,XMS
120000Z18801,Z188,SBT,SZQ
25000K16220R,K1622,TJP,BJQ
11000K238801,K2388,CCT,NNZ
120000Z19403,Z194,SBT,TYV
24000K770603,K7703,CDP,VVP
01000K152802,K1528,HBB,HDP
250000448114,4481,TJP,OEP
25000044240E,4424,QTP,HDP
25000K774802,K7748,TJP,HDP
250000K2130T,K213,TJP,XAY
250000K8680I,K865,TSP,LFV
250000K52202,K519,QTP,TYV
380000K7160I,K717,ZZF,DLT
760000K3860D,K387,CDW,SBT
490000K95606,K957,QHK,DUT
270000Z19201,Z193,TYV,SBT
41000K204607,K2047,XAY,SBT
580000K6660J,K667,FZS,SBT
5e000G122420,G1221,NGH,SBT
4e000G127401,G1271,WHN,SBT
250000K56702,K567,TJP,QHX
490000K97006,K971,QHK,THL
650000Z18601,Z187,SZQ,SBT
5a0000K34840,K345,RZH,SBT
010000K97610,K976,HBB,XFN
250000K91801,K918,TJP,HKN
010000T18410,T184,VBB,HKN
110000K12802,K128,CCT,XAY
12000K204804,K2048,SBT,XAY
130000K7150G,K718,DLT,ZZF
010000K92810,K928,HBB,ZZF
250000K33209,K332,TJP,LYF
25000022610L,2261,TJP,WWT
010000K72800,K728,HBB,GBZ
4p0000G39003,G391,JGK,DFT
250000K6080H,K608,TJP,DTV
25000K770900,K7709,TJP,DZP
01000K154810,K1548,HBB,HIK
250000S90202,S902,TJP,JKP
250000S90401,S904,TJP,JKP
250000S91001,S910,TBP,JKP
250000S91401,S914,TBP,JKP
250000S91601,S916,TBP,JKP
250000S91801,S918,TBP,JKP
270000K52051,K521,TYV,QTP
270000K8660D,K867,YNV,TSP
25000G678108,G6781,TXP,TSP
25000K772101,K7721,TJP,QTP
26000044260F,4426,HDP,QTP
250000S90602,S906,TBP,BPP
250000S90801,S908,TBP,BPP
250000S91201,S912,TBP,BPP
120000G37004,G370,SBT,TXP
0h0000G37404,G374,VAB,TXP
6c0000G29401,G291,CWQ,TJP
25000K771000,K7710,DZP,TJP
26000044820H,4482,OEP,TJP
030000T29803,T298,MDB,BJP
1100000D240H,D24,CCT,BJP
0h00000D280F,D28,VAB,BJP
1800000D7407,D74,JLL,BJP
0h00000D2607,D26,VAB,BJP
1100000D2005,D20,CCT,BJP
0h0000D10207,D102,VAB,BJP
0h00000D3005,D30,VAB,BJP
1100000D220F,D22,CCT,BJP
020000K3400Q,K340,JMB,BJP
1100000Z6208,Z62,CCT,BJP
1100000Z6400,Z64,CCT,BJP
020000K26600,K266,JMB,BJP
180000Z11800,Z118,JLL,BJP
02000014900K,1490,JMB,TJP
110000633604,6336,CCT,GLT
18000D501004,D5010,JLL,CRT
18000D909601,D9096,JLL,SHD
11000G801205,G8012,CCT,DLT
18000G801603,G8016,JLL,DFT
11000G802202,G8022,CCT,DFT
18000D505603,D5056,JLL,CRT
12000021240H,2125,DUT,QHX
130000K92909,K929,DLT,JMB
120000G75100,G751,SBT,VAB
180000G88400,G881,JLL,VAB
1g0000G70101,G701,DFT,VAB
1g0000G70300,G703,DFT,VAB
180000G88801,G885,JLL,VAB
1g0000G70501,G705,DFT,VAB
1g00000G4701,G47,DFT,VAB
120000T30904,T309,SYT,QHX
150000G76300,G763,PVD,VAB
33000K138203,K1383,BTC,VAB
1g0000G70700,G707,DFT,VAB
1g0000G70900,G709,DFT,VAB
120000G75500,G755,SBT,VAB
180000G89400,G891,JLL,VAB
120000T31109,T311,SBT,QHX
1g0000G71100,G711,DFT,VAB
1g0000G71300,G713,DFT,VAB
1g0000G71501,G715,DFT,VAB
1g0000G71701,G717,DFT,VAB
120000G75700,G757,SBT,VAB
1g00000G4901,G49,DFT,VAB
12000K131003,K1311,DUT,VBB
180000G89801,G895,JLL,VAB
1g0000G71900,G719,DFT,VAB
13000026230I,2623,DLT,MLX
120000G75900,G759,SBT,VAB
16000K124103,K1241,CFD,VBB
1g0000G72101,G721,DFT,VAB
120000266709,2667,SYT,MVX
15000020950E,2095,PVD,JMB
130000272704,2727,DLT,SFB
1g0000G72300,G723,DFT,VAB
1g0000G72501,G725,DFT,VAB
1g0000G72700,G727,DFT,VAB
12000K122705,K1227,SYT,FYB
13000020510Z,2051,DLT,MDB
1g0000G72900,G729,DFT,VAB
120000G76100,G761,SBT,VAB
1g0000G73100,G731,DFT,VAB
110000T30203,T302,CCT,WMR
0h000K138401,K1384,VAB,BTC
040000221010,2210,QHX,DLT
02000020960E,2096,JMB,PVD
04000026680L,2668,MVX,SYT
03000027280B,2728,SFB,DLT
040000T3120C,T312,QHX,SBT
11000G800203,G8002,CCT,DFT
0h0000G70200,G702,VAB,DFT
0h000G473800,G4738,VAB,SHD
18000G800407,G8004,JLL,DFT
0h0000G70400,G704,VAB,DFT
11000G800607,G8006,CCT,DLT
0h0000G70601,G706,VAB,DFT
0h0000G70800,G708,VAB,DFT
0h00000G4802,G48,VAB,DFT
18000G800803,G8008,JLL,DFT
1g000G912201,G9122,CRT,DFT
11000G801003,G8010,CCT,DLT
01000K131203,K1312,VBB,DUT
0h0000G71201,G712,VAB,DFT
02000K122803,K1228,FYB,SYT
0h0000G71400,G714,VAB,DFT
18000D809001,D8090,JLL,FET
0h0000G75600,G756,VAB,SBT
050000262405,2624,MLX,DLT
18000G801403,G8014,JLL,DLT
0h0000G71601,G716,VAB,DFT
0h0000G71800,G718,VAB,DFT
0h0000G76400,G764,VAB,PVD
040000T31006,T310,QHX,SYT
0h00000G5001,G50,VAB,DFT
0h0000G75800,G758,VAB,SBT
0h0000G72000,G720,VAB,DFT
18000G801803,G8018,JLL,DFT
11000D809402,D8094,CCT,SBT
18000G802003,G8020,JLL,DFT
0h0000G72200,G722,VAB,DFT
0h0000G72400,G724,VAB,DFT
18000G802402,G8024,JLL,DLT
0h0000G72601,G726,VAB,DFT
0h0000G72801,G728,VAB,DFT
0h0000G76000,G760,VAB,SBT
11000D809800,D8098,CCT,SBT
0h0000G73000,G730,VAB,DFT
0h0000G73200,G732,VAB,DFT
030000205213,2052,MDB,DLT
18000G803203,G8032,JLL,SBT
04000K123002,K1230,QHX,DLT
0h0000G76200,G762,VAB,SBT
18000K73340F,K7334,YJL,DLT
18000D809606,D8096,JLL,SBT
11000K730608,K7306,WWT,DLT
020000K93006,K930,JMB,DLT
04000021230V,2126,QHX,DUT
13000K730506,K7305,DLT,WWT
19000K73940C,K7391,HJL,BCT
11000K730904,K7309,CCT,BCT
11000K730308,K7303,CCT,BCT
11000K730106,K7301,CCT,BCT
18000K738808,K7388,DHL,BEL
01000K124201,K1243,VBB,CFD
13000K122903,K1229,DLT,QHX
13000022090L,2209,DLT,QHX
13000K73330B,K7333,DLT,YJL
11000K73650N,K7365,CCT,TML
19000K739006,K7387,BEL,DHL
11000021670H,2167,CCT,MDB
11000K736707,K7367,CCT,TML
110000430520,4305,CCT,YRT
11000K731110,K7311,CCT,SLL
110000633706,6337,CCT,TPT
11000D506502,D5065,CCT,JLL
1g000D500904,D5009,CRT,JLL
11000D501107,D5011,CCT,JLL
11000D506304,D5063,CCT,JLL
11000D501500,D5015,CCT,JLL
110000437500,4375,CCT,YRT
1g000D501310,D5013,CRT,JLL
0h0000G88201,G883,VAB,JLL
11000D501707,D5017,CCT,JLL
12000D809200,D8089,FET,JLL
1g000D506104,D5061,CRT,JLL
11000D501906,D5019,CCT,JLL
11000D502107,D5021,CCT,JLL
11000D502306,D5023,CCT,JLL
1g000G800303,G8003,DFT,JLL
11000D502507,D5025,CCT,JLL
0h0000G88600,G887,VAB,JLL
11000D502705,D5027,CCT,JLL
11000D502905,D5029,CCT,JLL
11000D503107,D5031,CCT,JLL
13000G800703,G8007,DLT,JLL
11000D503304,D5033,CCT,JLL
1g000G800902,G8009,DFT,JLL
11000D503503,D5035,CCT,JLL
11000D503703,D5037,CCT,JLL
1g000G801103,G8011,DFT,JLL
0h0000G89201,G893,VAB,JLL
11000D503905,D5039,CCT,JLL
13000G801303,G8013,DLT,JLL
11000D504106,D5041,CCT,JLL
11000D504303,D5043,CCT,JLL
11000D504505,D5045,CCT,JLL
11000D504705,D5047,CCT,JLL
0h0000G89600,G897,VAB,JLL
11000D504904,D5049,CCT,JLL
13000G801702,G8017,DLT,JLL
12000D809506,D8095,SBT,JLL
11000D505110,D5051,CCT,JLL
15000D909501,D9095,SHD,JLL
11000D505306,D5053,CCT,JLL
13000G801905,G8019,DLT,JLL
11000D505505,D5055,CCT,JLL
11000K739205,K7392,BCT,THL
11000K732300,K7323,CCT,VYT
110000633500,6335,GLT,CCT
12000D809301,D8093,SBT,CCT
76000000T803,T8,CDW,BXP
760000K81805,K818,CDW,BXP
76000K136404,K1364,CDW,BXP
760000K11805,K118,PRW,BXP
760000K82909,K829,ICW,GZQ
76000K122306,K1223,CDW,GGQ
760000Z12404,Z124,CDW,GZQ
76000D51020H,D5102,CDW,CUW
76000D510640,D5106,CDW,CUW
76000D51080J,D5108,ICW,CUW
76000D51100G,D5110,CDW,CUW
76000D51120D,D5112,ICW,CUW
76000D51140K,D5114,ICW,CUW
76000D51180B,D5118,ICW,CUW
76000D512040,D5120,CDW,CUW
76000D51220J,D5122,ICW,CUW
76000D51240J,D5124,ICW,CUW
76000D512610,D5126,ICW,CUW
76000D513004,D5130,ICW,CUW
76000D51320A,D5132,ICW,CUW
76000D51360O,D5136,ICW,CUW
76000K115808,K1158,CDW,SHH
760000K29204,K292,CDW,SHH
760000K28403,K284,CDW,SHH
760000K3520B,K352,CDW,SNH
760000K25804,K258,CDW,TJP
76000C625102,C6251,ICW,IXW
76000C630502,C6305,JFW,IXW
76000C625702,C6257,ICW,IXW
76000C626300,C6263,ICW,IXW
760000K7880F,K788,ICW,NCG
760000K39005,K390,CDW,FZS
76000K127309,K1273,CDW,HZH
76000K94650M,K9465,ICW,GIW
76000T890030,T8900,ICW,GIW
760000171805,1718,CDW,NDC
760000K99800,K998,CDW,QHX
760000K5300C,K530,ICW,HZH
760000K20604,K206,CDW,QDK
760000K8530C,K853,CDW,KMM
760000K11307,K113,CDW,KMM
760000K14503,K145,CDW,KMM
76000K113907,K1139,CDW,KMM
410000K1650B,K165,XAY,KMM
93000K150411,K1501,WMR,KMM
7600000T2202,T22,CDW,LSO
76000K20580N,K2058,CDW,WMR
76000K105820,K1058,CDW,XNO
80000K150203,K1502,KMM,WMR
760000K85602,K856,CDW,LZJ
760000K4240B,K424,CDW,NGH
76000K109407,K1094,ICW,BJQ
760000T12607,T126,CDW,DMQ
760000148604,1486,CDW,TYV
76000K125806,K1258,ICW,RZH
760000T24804,T248,ICW,WCN
760000K69830,K698,CDW,HKN
760000K45205,K452,CDW,WMR
760000K88003,K880,CDW,XAY
800000K1660E,K166,KMM,XAY
760000K87003,K870,CDW,ZZF
76000000K605,K6,CDW,XAY
760000K24600,K246,CDW,YLH
76000C610120,C6101,CDW,QSW
76000C610900,C6109,CDW,QSW
76000C611110,C6111,CDW,QSW
7m000D619700,D6197,NCW,QSW
76000D518206,D5182,CDW,RXW
76000D518603,D5186,ICW,RXW
76000D518804,D5188,ICW,RXW
76000D519202,D5192,ICW,RXW
76000D519401,D5194,ICW,RXW
76000C630204,C6302,IXW,JFW
76000K939604,K9396,CDW,IEW
76000C630402,C6304,IXW,JFW
76000C631201,C6312,IXW,JFW
76000K94720L,K9469,PRW,LCW
76000D517602,D5176,ICW,VUW
76000D517206,D5172,ICW,VUW
76000D516210,D5162,CDW,NCW
76000D516405,D5164,ICW,NCW
76000D619600,D6196,INW,NCW
76000D51740H,D5174,ICW,VUW
76000D515600,D5156,ICW,NUW
76000D516602,D5166,ICW,NCW
76000K94450B,K9445,CDW,YBW
76000K94830K,K9483,CDW,PRW
76000K94410G,K9441,CDW,PRW
77000K947040,K9471,LCW,PRW
76000T886908,T8869,CDW,PRW
76000D515402,D5154,CDW,NUW
76000T886507,T8865,CDW,ECW
76000C630702,C6307,JFW,IXW
76000D517810,D5178,ICW,VUW
76000C631301,C6313,JFW,IVW
76000C615101,C6151,CDW,INW
7m000D619500,D6195,NUW,INW
76000C625201,C6252,IXW,ICW
710000Z28601,Z286,NNZ,BXP
6500000Z9810,Z98,GGQ,BXP
710000T29004,T290,NNZ,BXP
7100000K2210,K22,GBZ,BXP
780000Z15000,Z150,GIW,BXP
8000000Z5400,Z54,KMM,BXP
6c0000G50203,G502,CWQ,BXP
6c00000G8402,G84,CWQ,BXP
5u0000G48901,G488,NXG,BXP
710000K1580N,K158,ZJZ,BXP
710000G42210,G422,NFZ,BXP
6c0000G50405,G504,CWQ,BXP
6c0000G50605,G506,CWQ,BXP
5u0000G49302,G492,NXG,BXP
710000G53030,G530,NFZ,BXP
800000Z16200,Z162,KMM,BXP
570000T14706,T146,NCG,BJP
800000K4720P,K472,KMM,BXP
71000000Z601,Z6,NNZ,BXP
62000000T206,T2,CSQ,BJP
7800000Z7800,Z78,GIW,BXP
640000K9680F,K968,DIQ,BJP
420000K93407,K931,HAN,GGQ
4d000K100607,K1007,ZKN,GZQ
6a000K907520,K9075,VGQ,SZQ
380000Z18900,Z189,ZZF,GZQ
2600000Z8901,Z89,SJP,GZQ
850000K22833,K225,LZJ,GZQ
420000K64408,K641,XFN,GZQ
420000K93508,K935,XFN,GGQ
4100000K840D,K81,XAY,GZQ
87000K129541,K1295,YIJ,GZQ
400000K7580A,K755,LYF,GZQ
77000K109806,K1095,RXW,GZQ
77000K117405,K1171,RXW,GZQ
6c000G610107,G6101,CWQ,IZQ
6c000G61030E,G6103,CWQ,IZQ
6c000G610505,G6105,CWQ,IZQ
470000T17910,T179,JNK,GGQ
4e000D210109,D2101,WHN,IZQ
4e000G11010E,G1101,WHN,IZQ
4e000G11030G,G1103,WHN,IZQ
430000K7680L,K769,HOY,GZQ
61000G615400,G6151,KAQ,IZQ
4e000G11050A,G1105,WHN,IZQ
5u000G140101,G1401,NXG,IZQ
5u0000G63103,G631,NXG,IZQ
4e000G11070B,G1107,WHN,IZQ
4e000G110908,G1109,WHN,IZQ
4e000G111105,G1111,WHN,IZQ
490000T16250,T159,QDK,GZQ
3800000G9305,G93,ZZF,IZQ
49000K116207,K1159,YAK,GZQ
390000G55104,G551,LBN,IZQ
6c000G613108,G6131,YIQ,IZQ
880000Z26601,Z263,LSO,GZQ
4e000G111309,G1113,WHN,IZQ
380000G54107,G541,ZAF,IZQ
4e000G11150A,G1115,WHN,IZQ
56000G140300,G1403,HGH,IZQ
6c000G61090C,G6109,CWQ,IZQ
410000K6460G,K647,XAY,GZQ
3b0000G85001,G847,LLF,IZQ
930000Z13610,Z137,WMR,GZQ
4e000G111709,G1117,WHN,IZQ
6c000G611106,G6111,CWQ,IZQ
42000G114800,G1145,HAN,IZQ
4e000G112109,G1121,WHN,IZQ
57000G140501,G1405,SRG,IZQ
4f00000G9807,G95,EAY,IZQ
6c000G611308,G6113,CWQ,IZQ
4e000G112305,G1123,WHN,IZQ
6c000G61150A,G6115,CWQ,IZQ
4p0000G27903,G279,JGK,IZQ
490000G27804,G275,QDK,IZQ
4e000G112504,G1125,WHN,IZQ
4e000G112704,G1127,WHN,IZQ
4e000G112903,G1129,WHN,IZQ
4f0000G8340F,G831,EAY,IZQ
380000G54510,G545,ZAF,IZQ
6c000G611707,G6117,CWQ,IZQ
390000G55305,G553,OYN,IZQ
4f0000G83808,G835,EAY,IZQ
6c000G61190C,G6119,CWQ,IZQ
4e000G113104,G1131,WHN,IZQ
4f0000G8420A,G839,EAY,IZQ
4e000G113303,G1133,WHN,IZQ
4e000G113508,G1135,WHN,IZQ
380000G54703,G547,ZAF,IZQ
4e000G113903,G1139,WHN,IZQ
5u0000G63503,G635,NXG,IZQ
4e000G114104,G1141,WHN,IZQ
6c000G61210C,G6121,CWQ,IZQ
62000K90170D,K9017,CSQ,SZQ
6a000K90770B,K9077,AEQ,GZQ
64000T831800,T8315,DIQ,GZQ
3900000T9560,T95,HKN,SZQ
62000K900300,K9003,YYQ,BJQ
64000K137407,K1375,HHQ,SNH
6c000G134201,G1342,CWQ,AOH
6c000G134401,G1344,CWQ,AOH
6c000G134601,G1346,CWQ,AOH
6c000G134800,G1348,CWQ,AOH
6c000G135001,G1350,CWQ,AOH
61000G137200,G1372,KAQ,AOH
6c000G135201,G1352,CWQ,AOH
61000G137401,G1374,KAQ,AOH
6c000G135401,G1354,CWQ,AOH
6c0000G57804,G578,CWQ,AOH
6c000G135601,G1356,CWQ,AOH
6c000G135801,G1358,CWQ,AOH
71000G150203,G1502,NFZ,AOH
6c000G136203,G1362,CWQ,AOH
6c000G136401,G1364,CWQ,AOH
61000G137601,G1376,KAQ,AOH
6c000G136601,G1366,CWQ,AOH
620000K13509,K135,CSQ,SNH
570000K7870F,K786,NCG,ICW
6c000D260201,D2602,CWQ,FZS
380000K3370B,K337,ZZF,KMM
49000K120402,K1201,YAK,GIW
390000K10902,K109,WCN,KMM
78000K120206,K1202,GIW,YAK
6c0000G28803,G288,CWQ,QDK
710000G43410,G434,NFZ,JGK
6c0000G58004,G580,CWQ,NKH
6c000G148202,G1482,CWQ,NKH
6c000G141202,G1412,CWQ,HGH
6c000G148401,G1484,CWQ,NKH
6c000G141800,G1418,CWQ,NGH
71000G150400,G1504,NFZ,NKH
73000G150603,G1506,BHZ,HGH
61000G142202,G1422,KAQ,HGH
62000K107407,K1074,CSQ,JNK
6c000D260601,D2606,CWQ,XKS
61000G149800,G1498,KAQ,NXG
4f0000G64203,G642,EAY,NXG
38000K162705,K1627,ZZF,NNZ
4e0000G43102,G431,WHN,NFZ
260000G42304,G423,SJP,NFZ
410000K3180C,K315,XAY,NNZ
56000G150511,G1505,HGH,BHZ
5l000G150301,G1503,NKH,NFZ
4p0000G43300,G433,JGK,NFZ
620000K77907,K779,CSQ,NNZ
710000G42420,G424,NFZ,SJP
71000K162808,K1628,NNZ,ZZF
71000K180400,K1804,ZJZ,WCN
710000K3160G,K316,NNZ,XAY
5u0000G64103,G640,NXG,EAY
710000K4580J,K458,ZJZ,ZZF
610000G44600,G446,KAQ,WHN
800000K3380U,K338,KMM,ZZF
710000G42602,G426,GLZ,ZAF
610000G44800,G448,KAQ,WHN
710000G43210,G432,NFZ,WHN
800000K11009,K110,KMM,WCN
62000T830807,T8308,CSQ,JIQ
62000K909205,K9092,CSQ,VGQ
620000236705,2367,CSQ,CDG
6c0000G53503,G535,CWQ,GLZ
380000G42502,G425,ZAF,GLZ
6c0000G53702,G537,CWQ,GLZ
380000K45706,K457,ZZF,ZJZ
6c000D781120,D7811,CWQ,KAQ
6c000G641300,G6413,CWQ,KAQ
6c000G640900,G6409,CWQ,KAQ
4e0000G44500,G445,WHN,KAQ
6c000G645100,G6451,CWQ,EWQ
62000T83030B,T8303,CSQ,HHQ
56000G142101,G1421,HGH,KAQ
6c000G645300,G6453,CWQ,EWQ
5u000G149700,G1497,NXG,KAQ
6c000G645500,G6455,CWQ,EWQ
6c000G640500,G6405,CWQ,KAQ
4e0000G44700,G447,WHN,KAQ
62000K90310C,K9031,CSQ,DIQ
62000K901500,K9015,CSQ,HYQ
62000T830109,T8301,CSQ,AOQ
39000K180300,K1803,WCN,ZJZ
62000T830510,T8305,CSQ,SYQ
5800000Z6008,Z60,FZS,BXP
58000D222604,D2226,FZS,CUW
58000K126820,K1268,FZS,CQW
580000K8040D,K804,FZS,CUW
5n000D31220A,D3122,FYS,AOH
58000D31020D,D3102,FZS,AOH
5n0000D3820A,D382,FYS,AOH
5n000D310405,D3104,FYS,AOH
5n000D31200B,D3120,XKS,AOH
5n000D32080A,D3208,XKS,AOH
5n000D32100E,D3210,XKS,AOH
6i000D310801,D3108,IOQ,AOH
5c000D313303,D3132,LYS,AOH
5n000D320603,D3206,XKS,AOH
5n000D31140B,D3114,FYS,AOH
5n000D320204,D3202,XKS,AOH
5n000D320403,D3204,XKS,AOH
6i000D228604,D2286,IOQ,AOH
5n000D31060D,D3106,FYS,AOH
580000K16408,K164,FZS,SNH
6i000D228804,D2288,IOQ,AOH
5n0000D37805,D378,XKS,AOH
580000K39209,K392,FZS,CDW
58000D260402,D2604,FZS,CWQ
58000D62010D,D6201,FZS,XMS
58000D62070B,D6207,FZS,XMS
58000D640306,D6403,FZS,LYS
58000D62090C,D6209,FZS,XKS
58000D64070A,D6407,FZS,LYS
58000D62150D,D6215,FZS,XKS
58000D62190B,D6219,FZS,XMS
58000D233102,D2331,FZS,IOQ
58000D62250M,D6225,FZS,XMS
58000D641309,D6413,FZS,LYS
58000D62310L,D6231,FZS,XMS
58000D62290I,D6229,FZS,XMS
580000K6380A,K638,FZS,KMM
580000K4780H,K478,FZS,GIW
5800000K6807,K68,FZS,QDK
6i000D312600,D3126,IOQ,ENH
580000K3220A,K322,FZS,HFH
58000K131604,K1316,FZS,NDC
5n000D311808,D3118,XKS,NKH
5n000D321809,D3218,XKS,HGH
5n000D321405,D3214,XKS,NKH
6i000D311200,D3112,IOQ,HGH
5n0000D38006,D380,XKS,HGH
5n000D323207,D3232,XKS,HGH
580000T30604,T306,FZS,WMR
58000D650208,D6502,FZS,NCG
580000D29607,D296,FZS,ZZF
58000D650402,D6504,FZS,NCG
58000D650606,D6506,FZS,NXG
58000D650804,D6508,FZS,JJG
58000D326402,D3264,FZS,HKN
58000D651004,D6510,FZS,NCG
58000D651202,D6512,FZS,NCG
5e000D330110,D3304,NGH,NXG
5800000K3007,K30,FZS,LYF
5u000D330302,D3302,NXG,NGH
5n000D330604,D3306,XKS,NGH
6i000D229402,D2294,IOQ,VRH
58000D63360D,D6336,FZS,FES
5c000D638307,D6382,LYS,FES
58000D63320B,D6332,XMS,FES
5n000D633402,D6334,XKS,FES
58000D63380B,D6338,FZS,FES
5n000D321202,D3212,XKS,NGH
58000D311006,D3110,FZS,VRH
58000K87400C,K8740,FZS,VAG
5n000D232709,D2327,FYS,IOQ
5n000D231108,D2311,FYS,IOQ
5n000D229508,D2295,FYS,IOQ
5n000D230107,D2301,FYS,IOQ
5n000D232304,D2323,FYS,IOQ
5n000D230308,D2303,FYS,IOQ
56000D311170,D3111,HGH,IOQ
5n000D230703,D2307,FYS,IOQ
5n000D230903,D2309,FYS,IOQ
5i000D312800,D3125,ENH,IOQ
5j000D229312,D2293,VRH,IOQ
5n0000D67105,D671,FYS,IOQ
58000D64010C,D6401,FZS,LYS
58000D64050A,D6405,FZS,LYS
58000D640909,D6409,FZS,LYS
58000D64510H,D6451,FZS,LYS
5n000D638105,D6381,FES,LYS
58000D641508,D6415,FZS,LYS
58000D641704,D6417,FZS,LYS
58000D641906,D6419,FZS,LYS
5n000D321607,D3216,XKS,NGH
5n000D322004,D3220,XKS,NGH
58000K87500K,K8750,FZS,WAS
58000K87520A,K8752,FZS,SWS
58000D62030D,D6203,FZS,XKS
58000D62170G,D6217,FZS,XMS
5n000D621107,D6211,FYS,XKS
58000D62130F,D6213,FZS,XKS
5e000D321910,D3219,NGH,XKS
58000D62210D,D6221,FZS,ZUS
5e000D321102,D3211,NGH,XKS
58000D62230J,D6223,FZS,XMS
56000D323130,D3231,HGH,XKS
560000D37740,D377,HGH,XKS
5n000D63310C,D6331,FES,XKS
58000D62270I,D6227,FZS,XMS
58000D62330J,D6233,FZS,XMS
5l000D321320,D3213,NKH,XKS
5n000D63330F,D6333,FES,XMS
58000D62350I,D6235,FZS,XMS
5e000D321500,D3215,NGH,XKS
58000D62370G,D6237,FZS,XMS
5l000D311740,D3117,NKH,XKS
5e000D330520,D3305,NGH,XKS
58000D655009,D6550,FZS,JCS
58000D654207,D6542,FZS,SHS
5n000D620508,D6205,FYS,XKS
56000D321710,D3217,HGH,XKS
5n000D620203,D6202,XKS,FZS
5n000D620405,D6204,XKS,FZS
58000D620607,D6206,XMS,FZS
58000D620808,D6208,XMS,FZS
58000D621006,D6210,XMS,FZS
5c000D643508,D6434,LYS,FZS
58000D62120E,D6212,XMS,FZS
58000D62140C,D6214,XMS,FZS
5c000D643705,D6436,LYS,FZS
5c000D643903,D6438,LYS,FZS
58000D62160A,D6216,XMS,FZS
5n000D621804,D6218,ZUS,FZS
58000D62380D,D6238,XMS,FZS
5c000D644105,D6440,LYS,FZS
58000D62200D,D6220,XMS,FZS
5n000D622204,D6222,XKS,FZS
58000D62260F,D6226,XMS,FZS
5c000D644505,D6444,LYS,FZS
5c000D644704,D6446,LYS,FZS
6i000D233003,D2330,IOQ,FZS
5n000D623002,D6230,XKS,FZS
58000D62340C,D6234,XMS,FZS
5c000D644907,D6448,LYS,FZS
800000K47400,K474,KMM,BJP
780000K5080D,K508,GIW,BXP
78000D280110,D2801,GIW,IZQ
780000D21100,D211,GIW,IZQ
78000D282901,D2829,KQW,IZQ
78000D280502,D2805,KQW,IZQ
78000D282700,D2827,KQW,IZQ
78000D280700,D2807,GIW,IZQ
78000D280901,D2809,GIW,IZQ
78000D281101,D2811,KQW,IZQ
78000D281302,D2813,KQW,IZQ
7800000K6603,K66,GIW,GZQ
78000D282101,D2821,KQW,IZQ
78000D281500,D2815,KQW,IZQ
780000K84307,K842,ZIW,GZQ
78000D281705,D2817,KQW,IZQ
78000D281902,D2819,KQW,IZQ
78000D282300,D2823,KQW,IZQ
710000K87206,K872,ZJZ,CQW
5e000K124810,K1248,NGH,CQW
800000K1680A,K168,KMM,CQW
800000K1600A,K160,KMM,CQW
78000K951809,K9518,GIW,CQW
780000K83105,K834,ZIW,SNH
8000000K800B,K80,KMM,SNH
800000K7400E,K740,KMM,SNH
780000K11202,K112,GIW,SNH
780000K4960B,K496,GIW,SNH
78000K134200,K1342,GIW,TJP
78000K94630N,K9463,GIW,ICW
56000K127151,K1271,HZH,CDW
78000T889810,T8898,GIW,ICW
800000K63602,K636,KMM,FZS
780000K4760E,K476,GIW,FZS
800000K4920H,K492,KMM,JNK
780000K54006,K540,GIW,HZH
800000K87601,K876,KMM,YAK
5f0000K72220,K723,NUH,KMM
270000K50501,K505,TYV,KMM
490000K87806,K875,YAK,KMM
57000K123509,K1235,JJG,KMM
42000K126102,K1261,XFN,KMM
470000K4910E,K491,JNK,KMM
780000K67107,K671,GIW,KMM
540000K15584,K155,NJH,KMM
80000K12360A,K1236,KMM,JJG
800000K1560B,K156,KMM,NJH
800000K72400,K724,KMM,NUH
78000D352300,D3523,KQW,NFZ
78000D352500,D3525,KQW,NFZ
78000K103400,K1034,GIW,XAY
780000608100,6081,GIW,WSM
78000K93690A,K9369,GIW,UMW
78000K94750A,K9475,GIW,IZW
78000K95810A,K9581,GIW,WBW
780000564506,5645,GIW,ZDW
78000K95850C,K9585,GIW,WBW
78000K947706,K9477,GIW,IZW
78000K948102,K9481,GIW,IZW
78000K958902,K9589,GIW,UMW
78000D355102,D3551,GIW,GBZ
78000K93800A,K9380,GIW,VAW
78000D355300,D3553,GIW,GBZ
780000K94208,K942,GIW,RZH
80000K126206,K1262,KMM,XFN
780000K9480A,K948,GIW,XMS
780000K8460D,K846,GIW,NGH
78000056400H,5640,GIW,YZW
78000K940605,K9406,GIW,ZIW
78000K948602,K9486,GIW,ZIW
78000D541100,D5411,KQW,KVW
78000D541500,D5415,KQW,KVW
78000D541710,D5417,KQW,KVW
